Start Time,End Time,Steps
2023-05-20 10:41:45,2023-05-20 10:45:45,120
2023-05-20 10:45:45,2023-05-20 10:46:20,42
2023-05-20 10:47:33,2023-05-20 10:48:33,7
2023-05-20 10:49:11,2023-05-20 10:51:03,56
2023-05-20 10:51:03,2023-05-20 10:51:14,20
2023-05-20 10:51:14,2023-05-20 10:52:03,87
2023-05-20 10:52:03,2023-05-20 10:52:51,19
2023-05-20 10:54:07,2023-05-20 10:55:41,47
2023-05-20 10:55:41,2023-05-20 10:55:45,9
2023-05-20 10:55:45,2023-05-20 10:56:41,35
2023-05-20 10:56:41,2023-05-20 10:56:43,4
2023-05-20 10:59:08,2023-05-20 11:00:08,15
2023-05-20 11:00:08,2023-05-20 11:00:26,26
2023-05-20 11:01:57,2023-05-20 11:03:15,39
2023-05-20 11:03:15,2023-05-20 11:04:24,45
2023-05-20 11:04:32,2023-05-20 11:05:32,30
2023-05-20 11:06:38,2023-05-20 11:07:38,22
2023-05-20 11:07:38,2023-05-20 11:07:50,19
2023-05-20 11:16:13,2023-05-20 11:17:27,37
2023-05-20 11:20:46,2023-05-20 11:21:46,21
2023-05-20 13:00:16,2023-05-20 13:01:52,48
2023-05-20 13:01:52,2023-05-20 13:01:55,5
2023-05-20 13:01:55,2023-05-20 13:02:53,91
2023-05-20 13:02:53,2023-05-20 13:03:40,53
2023-05-20 13:03:40,2023-05-20 13:04:11,17
2023-05-20 13:04:11,2023-05-20 13:06:09,115
2023-05-20 13:06:09,2023-05-20 13:07:09,105
2023-05-20 13:07:09,2023-05-20 13:08:10,110
2023-05-20 13:08:10,2023-05-20 13:09:21,129
2023-05-20 13:09:21,2023-05-20 13:09:37,31
2023-05-20 13:09:37,2023-05-20 13:10:38,117
2023-05-20 13:10:38,2023-05-20 13:11:05,51
2023-05-20 13:11:05,2023-05-20 13:11:45,56
2023-05-20 13:11:45,2023-05-20 13:11:56,8
2023-05-20 13:12:05,2023-05-20 13:13:05,24
2023-05-20 13:13:05,2023-05-20 13:13:29,26
2023-05-20 13:17:26,2023-05-20 13:18:26,8
2023-05-20 13:19:06,2023-05-20 13:20:06,7
2023-05-20 13:20:45,2023-05-20 13:21:45,21
2023-05-20 13:22:36,2023-05-20 13:23:36,21
2023-05-20 13:24:52,2023-05-20 13:25:52,14
2023-05-20 13:25:52,2023-05-20 13:26:05,22
2023-05-20 13:26:05,2023-05-20 13:26:48,22
2023-05-20 13:27:45,2023-05-20 13:28:45,6
2023-05-20 13:29:01,2023-05-20 13:30:01,10
2023-05-20 13:32:16,2023-05-20 13:34:14,59
2023-05-20 13:34:14,2023-05-20 13:35:16,33
2023-05-20 13:35:16,2023-05-20 13:35:52,50
2023-05-20 13:35:52,2023-05-20 13:36:24,51
2023-05-20 13:36:24,2023-05-20 13:37:04,70
2023-05-20 13:37:04,2023-05-20 13:37:44,68
2023-05-20 13:37:44,2023-05-20 13:38:15,44
2023-05-20 13:38:15,2023-05-20 13:38:41,49
2023-05-20 13:38:41,2023-05-20 13:39:01,7
2023-05-20 13:39:01,2023-05-20 13:39:57,14
2023-05-20 13:39:57,2023-05-20 13:40:34,45
2023-05-20 13:40:54,2023-05-20 13:41:54,18
2023-05-20 13:42:31,2023-05-20 13:43:31,26
2023-05-20 13:43:31,2023-05-20 13:43:38,11
2023-05-20 13:43:38,2023-05-20 13:44:42,112
2023-05-20 13:44:42,2023-05-20 13:44:55,23
2023-05-20 13:44:55,2023-05-20 13:45:56,107
2023-05-20 13:45:56,2023-05-20 13:46:12,30
2023-05-20 13:46:12,2023-05-20 13:47:00,64
2023-05-20 13:47:42,2023-05-20 13:48:42,9
2023-05-20 13:48:42,2023-05-20 13:48:56,7
2023-05-20 13:49:05,2023-05-20 13:50:05,10
2023-05-20 13:52:42,2023-05-20 13:53:38,6
2023-05-20 13:53:38,2023-05-20 13:53:42,0
2023-05-20 13:55:40,2023-05-20 13:57:40,60
2023-05-20 13:57:40,2023-05-20 13:57:45,10
2023-05-20 13:57:45,2023-05-20 13:58:46,120
2023-05-20 13:58:46,2023-05-20 13:59:14,46
2023-05-20 13:59:14,2023-05-20 13:59:16,3
2023-05-20 13:59:16,2023-05-20 14:00:00,81
2023-05-20 14:00:00,2023-05-20 14:00:31,56
2023-05-20 14:00:31,2023-05-20 14:00:45,26
2023-05-20 14:00:45,2023-05-20 14:01:06,38
2023-05-20 14:01:06,2023-05-20 14:01:39,60
2023-05-20 14:01:39,2023-05-20 14:02:08,33
2023-05-20 14:02:08,2023-05-20 14:02:24,24
2023-05-20 14:02:24,2023-05-20 14:03:02,68
2023-05-20 16:25:50,2023-05-20 16:28:52,91
2023-05-20 16:28:52,2023-05-20 16:29:21,56
2023-05-20 16:30:44,2023-05-20 16:31:44,6
2023-05-20 16:31:44,2023-05-20 16:32:25,22
2023-05-20 16:33:51,2023-05-20 16:35:17,43
2023-05-20 16:35:17,2023-05-20 16:36:02,70
2023-05-20 16:36:02,2023-05-20 16:36:18,26
2023-05-20 16:36:18,2023-05-20 16:37:03,76
2023-05-20 16:37:03,2023-05-20 16:37:14,19
2023-05-20 16:37:14,2023-05-20 16:38:03,84
2023-05-20 16:38:03,2023-05-20 16:38:19,29
2023-05-20 16:38:19,2023-05-20 16:39:04,82
2023-05-20 16:39:04,2023-05-20 16:39:20,28
2023-05-20 16:39:20,2023-05-20 16:40:04,58
2023-05-20 16:40:04,2023-05-20 16:40:20,26
2023-05-20 16:40:20,2023-05-20 16:41:04,65
2023-05-20 16:41:04,2023-05-20 16:41:20,24
2023-05-20 16:41:20,2023-05-20 16:42:05,57
2023-05-20 16:42:05,2023-05-20 16:42:21,26
2023-05-20 16:42:21,2023-05-20 16:43:05,63
2023-05-20 16:43:05,2023-05-20 16:43:21,27
2023-05-20 16:43:21,2023-05-20 16:44:05,74
2023-05-20 16:44:05,2023-05-20 16:44:21,27
2023-05-20 16:44:21,2023-05-20 16:45:24,109
2023-05-20 16:45:24,2023-05-20 16:46:01,45
2023-05-20 16:46:59,2023-05-20 16:47:59,29
2023-05-20 17:01:12,2023-05-20 17:03:04,56
2023-05-20 17:03:04,2023-05-20 17:03:11,16
2023-05-20 17:08:10,2023-05-20 17:09:14,32
2023-05-20 17:09:14,2023-05-20 17:09:27,17
2023-05-20 17:10:35,2023-05-20 17:11:35,9
2023-05-20 17:11:35,2023-05-20 17:11:58,11
2023-05-20 17:22:31,2023-05-20 17:23:31,21
2023-05-20 17:23:50,2023-05-20 17:25:14,42
2023-05-20 17:25:14,2023-05-20 17:25:52,62
2023-05-20 17:25:52,2023-05-20 17:25:57,8
2023-05-20 18:00:15,2023-05-20 18:01:15,23
2023-05-20 18:01:51,2023-05-20 18:02:51,6
2023-05-20 18:57:47,2023-05-20 18:58:47,6
2023-05-20 19:04:34,2023-05-20 19:05:11,18
2023-05-20 19:05:11,2023-05-20 19:06:33,89
2023-05-20 19:07:11,2023-05-20 19:08:11,21
2023-05-20 19:08:11,2023-05-20 19:09:11,101
2023-05-20 19:09:11,2023-05-20 19:10:11,111
2023-05-20 19:10:11,2023-05-20 19:11:12,117
2023-05-20 19:11:12,2023-05-20 19:12:12,121
2023-05-20 19:12:12,2023-05-20 19:12:32,37
2023-05-20 19:29:02,2023-05-20 19:30:02,18
2023-05-20 19:30:02,2023-05-20 19:30:57,110
2023-05-20 19:30:57,2023-05-20 19:32:08,143
2023-05-20 19:32:08,2023-05-20 19:33:07,118
2023-05-20 19:33:07,2023-05-20 19:33:39,49
2023-05-20 19:33:39,2023-05-20 19:34:03,42
2023-05-20 19:34:03,2023-05-20 19:34:31,50
2023-05-20 19:35:29,2023-05-20 19:36:29,9
2023-05-20 19:59:20,2023-05-20 20:02:18,89
2023-05-20 20:02:18,2023-05-20 20:02:48,35
2023-05-20 20:02:48,2023-05-20 20:03:18,30
2023-05-20 20:03:18,2023-05-20 20:03:21,4
2023-05-20 21:27:24,2023-05-20 21:28:24,15
2023-05-20 21:34:58,2023-05-20 21:38:12,97
2023-05-20 21:38:12,2023-05-20 21:38:14,5
2023-05-20 22:06:51,2023-05-20 22:07:51,6
2023-05-20 22:11:13,2023-05-20 22:12:13,7
2023-05-20 22:33:20,2023-05-20 22:34:20,28
2023-05-21 08:27:57,2023-05-21 08:29:55,90
2023-05-21 08:36:10,2023-05-21 08:37:10,13
2023-05-21 08:37:10,2023-05-21 08:38:46,91
2023-05-21 08:38:46,2023-05-21 08:39:57,48
2023-05-21 08:39:57,2023-05-21 08:40:25,55
2023-05-21 08:40:25,2023-05-21 08:42:35,75
2023-05-21 08:42:35,2023-05-21 08:43:33,62
2023-05-21 08:50:10,2023-05-21 08:51:10,7
2023-05-21 08:51:10,2023-05-21 08:52:11,98
2023-05-21 08:52:11,2023-05-21 08:53:12,115
2023-05-21 08:53:12,2023-05-21 08:54:12,111
2023-05-21 08:54:12,2023-05-21 08:55:12,99
2023-05-21 08:55:12,2023-05-21 08:55:47,54
2023-05-21 08:55:57,2023-05-21 08:57:09,36
2023-05-21 08:57:09,2023-05-21 08:57:23,11
2023-05-21 09:05:51,2023-05-21 09:06:51,8
2023-05-21 09:06:51,2023-05-21 09:06:58,17
2023-05-21 09:06:58,2023-05-21 09:07:51,93
2023-05-21 09:07:51,2023-05-21 09:08:51,10
2023-05-21 09:08:51,2023-05-21 09:09:48,107
2023-05-21 09:09:48,2023-05-21 09:10:02,26
2023-05-21 09:10:02,2023-05-21 09:10:59,106
2023-05-21 09:10:59,2023-05-21 09:11:15,30
2023-05-21 09:11:15,2023-05-21 09:12:09,98
2023-05-21 09:12:09,2023-05-21 09:12:23,28
2023-05-21 09:12:23,2023-05-21 09:13:14,85
2023-05-21 09:13:14,2023-05-21 09:13:20,10
2023-05-21 09:27:33,2023-05-21 09:28:33,20
2023-05-21 09:28:33,2023-05-21 09:30:32,97
2023-05-21 09:30:32,2023-05-21 09:31:33,114
2023-05-21 09:31:33,2023-05-21 09:32:24,95
2023-05-21 09:40:07,2023-05-21 09:41:07,9
2023-05-21 09:46:06,2023-05-21 09:49:38,106
2023-05-21 09:49:38,2023-05-21 09:50:39,104
2023-05-21 09:50:39,2023-05-21 09:51:39,104
2023-05-21 09:51:39,2023-05-21 09:52:39,107
2023-05-21 09:52:39,2023-05-21 09:53:39,108
2023-05-21 09:53:39,2023-05-21 09:54:40,107
2023-05-21 09:54:40,2023-05-21 09:55:40,109
2023-05-21 09:55:40,2023-05-21 09:56:41,105
2023-05-21 09:56:41,2023-05-21 09:57:41,104
2023-05-21 09:57:41,2023-05-21 09:58:42,74
2023-05-21 09:58:42,2023-05-21 09:59:32,87
2023-05-21 10:43:12,2023-05-21 10:44:12,6
2023-05-21 10:44:12,2023-05-21 10:44:38,10
2023-05-21 10:51:34,2023-05-21 10:52:34,13
2023-05-21 10:55:49,2023-05-21 10:56:49,8
2023-05-21 10:57:00,2023-05-21 10:58:00,17
2023-05-21 11:00:03,2023-05-21 11:01:03,11
2023-05-21 11:03:41,2023-05-21 11:04:41,27
2023-05-21 11:04:41,2023-05-21 11:06:11,58
2023-05-21 11:06:11,2023-05-21 11:07:34,70
2023-05-21 11:07:34,2023-05-21 11:08:12,62
2023-05-21 11:08:12,2023-05-21 11:09:43,108
2023-05-21 11:09:43,2023-05-21 11:10:43,105
2023-05-21 11:10:43,2023-05-21 11:11:48,106
2023-05-21 11:11:48,2023-05-21 11:11:54,12
2023-05-21 11:11:54,2023-05-21 11:12:56,103
2023-05-21 11:12:56,2023-05-21 11:13:14,32
2023-05-21 11:13:14,2023-05-21 11:13:55,74
2023-05-21 11:13:55,2023-05-21 11:14:14,32
2023-05-21 11:14:14,2023-05-21 11:14:56,77
2023-05-21 11:14:56,2023-05-21 11:15:14,32
2023-05-21 11:15:14,2023-05-21 11:15:56,79
2023-05-21 11:15:56,2023-05-21 11:16:14,33
2023-05-21 11:16:14,2023-05-21 11:16:57,79
2023-05-21 11:16:57,2023-05-21 11:17:15,34
2023-05-21 11:17:15,2023-05-21 11:17:57,75
2023-05-21 11:17:57,2023-05-21 11:18:15,33
2023-05-21 11:18:15,2023-05-21 11:18:58,77
2023-05-21 11:18:58,2023-05-21 11:19:15,32
2023-05-21 11:19:15,2023-05-21 11:19:57,77
2023-05-21 11:19:57,2023-05-21 11:20:16,28
2023-05-21 11:20:16,2023-05-21 11:21:00,73
2023-05-21 11:42:44,2023-05-21 11:43:44,6
2023-05-21 12:04:28,2023-05-21 12:05:28,6
2023-05-21 12:06:25,2023-05-21 12:07:25,12
2023-05-21 12:14:12,2023-05-21 12:15:12,21
2023-05-21 16:13:21,2023-05-21 16:17:31,125
2023-05-21 16:17:31,2023-05-21 16:18:04,67
2023-05-21 16:18:04,2023-05-21 16:19:05,117
2023-05-21 16:19:05,2023-05-21 16:20:17,138
2023-05-21 16:20:17,2023-05-21 16:20:34,33
2023-05-21 16:20:34,2023-05-21 16:20:57,47
2023-05-21 16:25:52,2023-05-21 16:30:22,135
2023-05-21 16:30:22,2023-05-21 16:30:49,50
2023-05-21 16:30:49,2023-05-21 16:31:53,122
2023-05-21 16:31:53,2023-05-21 16:32:20,52
2023-05-21 16:32:20,2023-05-21 16:33:00,75
2023-05-21 16:33:00,2023-05-21 16:33:21,40
2023-05-21 16:33:21,2023-05-21 16:34:04,72
2023-05-21 16:34:04,2023-05-21 16:34:25,41
2023-05-21 16:34:25,2023-05-21 16:34:50,50
2023-05-21 16:34:50,2023-05-21 16:35:13,14
2023-05-21 16:35:13,2023-05-21 16:35:25,16
2023-05-21 16:35:25,2023-05-21 16:36:01,69
2023-05-21 18:31:34,2023-05-21 18:32:34,25
2023-05-21 19:15:29,2023-05-21 19:16:59,45
2023-05-21 19:16:59,2023-05-21 19:17:07,15
2023-05-21 19:20:45,2023-05-21 19:21:45,20
2023-05-21 19:24:18,2023-05-21 19:25:18,11
2023-05-21 19:31:35,2023-05-21 19:32:55,40
2023-05-21 19:32:55,2023-05-21 19:33:33,22
2023-05-21 19:33:54,2023-05-21 19:34:54,18
2023-05-21 19:34:54,2023-05-21 19:35:51,6
2023-05-21 19:35:51,2023-05-21 19:36:09,7
2023-05-21 19:36:50,2023-05-21 19:37:50,14
2023-05-21 19:37:50,2023-05-21 19:38:12,27
2023-05-21 19:38:12,2023-05-21 19:38:55,10
2023-05-21 19:39:51,2023-05-21 19:40:51,12
2023-05-21 19:41:17,2023-05-21 19:42:17,8
2023-05-21 19:43:04,2023-05-21 19:44:04,20
2023-05-21 19:44:38,2023-05-21 19:46:44,63
2023-05-21 19:46:44,2023-05-21 19:47:10,33
2023-05-21 19:47:10,2023-05-21 19:47:55,78
2023-05-21 19:47:55,2023-05-21 19:48:09,24
2023-05-21 19:48:09,2023-05-21 19:49:14,74
2023-05-21 19:49:14,2023-05-21 19:49:42,49
2023-05-21 19:49:42,2023-05-21 19:50:43,111
2023-05-21 19:50:43,2023-05-21 19:51:45,114
2023-05-21 19:51:45,2023-05-21 19:51:57,13
2023-05-21 19:51:57,2023-05-21 19:52:47,85
2023-05-21 19:52:47,2023-05-21 19:52:52,11
2023-05-21 19:53:31,2023-05-21 19:54:31,10
2023-05-21 19:54:31,2023-05-21 19:55:13,37
2023-05-21 19:57:34,2023-05-21 19:58:34,26
2023-05-21 19:58:36,2023-05-21 19:59:40,32
2023-05-21 20:11:28,2023-05-21 20:12:28,22
2023-05-21 20:12:28,2023-05-21 20:14:11,134
2023-05-21 20:14:11,2023-05-21 20:14:31,38
2023-05-21 20:14:31,2023-05-21 20:15:11,79
2023-05-21 20:15:11,2023-05-21 20:15:37,46
2023-05-21 20:15:37,2023-05-21 20:15:49,21
2023-05-21 20:15:49,2023-05-21 20:16:25,69
2023-05-21 20:16:25,2023-05-21 20:16:49,35
2023-05-21 20:16:49,2023-05-21 20:17:01,20
2023-05-21 20:17:01,2023-05-21 20:17:25,40
2023-05-21 20:17:25,2023-05-21 20:17:35,16
2023-05-21 20:17:35,2023-05-21 20:18:22,86
2023-05-21 20:18:22,2023-05-21 20:18:35,25
2023-05-21 20:18:35,2023-05-21 20:19:35,106
2023-05-21 20:19:35,2023-05-21 20:19:51,29
2023-05-21 20:19:51,2023-05-21 20:20:07,32
2023-05-21 20:20:07,2023-05-21 20:20:35,46
2023-05-21 20:20:35,2023-05-21 20:20:59,41
2023-05-21 20:20:59,2023-05-21 20:21:24,40
2023-05-21 20:21:24,2023-05-21 20:21:50,43
2023-05-21 20:21:50,2023-05-21 20:22:12,16
2023-05-21 20:22:12,2023-05-21 20:22:36,31
2023-05-21 20:22:36,2023-05-21 20:22:55,31
2023-05-21 20:23:39,2023-05-21 20:24:39,10
2023-05-21 20:24:45,2023-05-21 20:25:45,19
2023-05-21 20:26:15,2023-05-21 20:27:15,19
2023-05-21 20:30:11,2023-05-21 20:31:11,11
2023-05-21 20:32:16,2023-05-21 20:33:16,6
2023-05-21 21:10:34,2023-05-21 21:11:36,31
2023-05-21 21:13:10,2023-05-21 21:14:10,26
2023-05-21 21:18:16,2023-05-21 21:19:20,32
2023-05-21 21:19:20,2023-05-21 21:20:04,18
2023-05-21 21:20:04,2023-05-21 21:20:59,17
2023-05-21 21:20:59,2023-05-21 21:21:51,7
2023-05-21 21:31:52,2023-05-21 21:32:52,25
2023-05-21 21:40:29,2023-05-21 21:41:31,31
2023-05-21 21:41:59,2023-05-21 21:42:59,28
2023-05-21 21:43:16,2023-05-21 21:44:20,32
2023-05-21 21:45:37,2023-05-21 21:46:37,20
2023-05-21 21:47:32,2023-05-21 21:48:32,9
2023-05-21 21:48:34,2023-05-21 21:49:34,25
2023-05-21 21:49:34,2023-05-21 21:49:46,25
2023-05-21 21:49:52,2023-05-21 21:50:52,6
2023-05-21 22:43:31,2023-05-21 22:44:31,10
2023-05-21 22:54:50,2023-05-21 22:55:50,6
2023-05-21 23:00:40,2023-05-21 23:01:40,9
2023-05-21 23:02:00,2023-05-21 23:03:00,8
2023-05-21 23:05:29,2023-05-21 23:06:29,10
2023-05-21 23:07:22,2023-05-21 23:08:22,6
2023-05-21 23:08:53,2023-05-21 23:09:53,10
2023-05-21 23:10:32,2023-05-21 23:11:32,24
2023-05-21 23:11:48,2023-05-21 23:12:48,23
2023-05-21 23:13:11,2023-05-21 23:14:11,19
2023-05-21 23:14:11,2023-05-21 23:14:19,15
2023-05-21 23:14:33,2023-05-21 23:15:33,18
2023-05-21 23:15:33,2023-05-21 23:15:40,11
2023-05-21 23:15:40,2023-05-21 23:16:04,37
2023-05-21 23:16:04,2023-05-21 23:16:33,53
2023-05-21 23:16:33,2023-05-21 23:16:52,32
2023-05-21 23:16:52,2023-05-21 23:17:48,56
2023-05-21 23:17:48,2023-05-21 23:18:10,40
2023-05-21 23:18:10,2023-05-21 23:18:23,19
2023-05-21 23:18:23,2023-05-21 23:18:49,42
2023-05-21 23:18:49,2023-05-21 23:19:44,80
2023-05-21 23:19:44,2023-05-21 23:19:48,4
2023-05-22 07:32:22,2023-05-22 07:34:04,51
2023-05-22 07:34:22,2023-05-22 07:37:32,95
2023-05-22 07:37:32,2023-05-22 07:38:32,103
2023-05-22 07:38:32,2023-05-22 07:39:31,91
2023-05-22 07:39:31,2023-05-22 07:40:34,68
2023-05-22 07:40:34,2023-05-22 07:41:34,104
2023-05-22 07:41:34,2023-05-22 07:42:55,68
2023-05-22 07:42:55,2023-05-22 07:43:23,49
2023-05-22 07:47:29,2023-05-22 07:48:29,18
2023-05-22 07:48:29,2023-05-22 07:49:55,70
2023-05-22 07:49:55,2023-05-22 07:50:37,76
2023-05-22 07:50:37,2023-05-22 07:51:01,44
2023-05-22 07:51:01,2023-05-22 07:51:37,64
2023-05-22 07:51:37,2023-05-22 07:52:02,44
2023-05-22 07:52:02,2023-05-22 07:52:37,64
2023-05-22 07:52:37,2023-05-22 07:53:02,43
2023-05-22 07:53:02,2023-05-22 07:53:37,61
2023-05-22 07:53:37,2023-05-22 07:54:02,33
2023-05-22 07:54:02,2023-05-22 07:54:37,62
2023-05-22 07:54:37,2023-05-22 07:54:41,3
2023-05-22 08:32:49,2023-05-22 08:34:19,45
2023-05-22 08:34:19,2023-05-22 08:35:53,108
2023-05-22 08:35:53,2023-05-22 08:36:54,116
2023-05-22 08:36:54,2023-05-22 08:37:31,63
2023-05-22 08:37:31,2023-05-22 08:39:35,127
2023-05-22 08:39:35,2023-05-22 08:40:36,115
2023-05-22 08:40:36,2023-05-22 08:41:24,92
2023-05-22 08:41:24,2023-05-22 08:42:16,112
2023-05-22 08:42:16,2023-05-22 08:42:59,84
2023-05-22 08:42:59,2023-05-22 08:44:28,106
2023-05-22 08:44:28,2023-05-22 08:44:40,20
2023-05-22 08:44:40,2023-05-22 08:45:49,123
2023-05-22 08:45:49,2023-05-22 08:46:02,24
2023-05-22 08:46:02,2023-05-22 08:46:56,96
2023-05-22 08:46:56,2023-05-22 08:47:09,20
2023-05-22 08:47:09,2023-05-22 08:47:59,67
2023-05-22 08:47:59,2023-05-22 08:48:06,9
2023-05-22 11:00:24,2023-05-22 11:04:38,127
2023-05-22 11:04:38,2023-05-22 11:05:37,85
2023-05-22 11:05:37,2023-05-22 11:05:48,11
2023-05-22 11:07:06,2023-05-22 11:08:06,11
2023-05-22 11:11:39,2023-05-22 11:12:39,16
2023-05-22 11:12:39,2023-05-22 11:14:29,69
2023-05-22 11:14:29,2023-05-22 11:15:52,107
2023-05-22 11:15:52,2023-05-22 11:16:02,17
2023-05-22 11:16:02,2023-05-22 11:16:52,35
2023-05-22 12:57:05,2023-05-22 13:00:31,103
2023-05-22 13:00:31,2023-05-22 13:01:32,90
2023-05-22 13:01:32,2023-05-22 13:01:36,7
2023-05-22 13:01:36,2023-05-22 13:03:57,101
2023-05-22 13:03:57,2023-05-22 13:04:57,103
2023-05-22 13:04:57,2023-05-22 13:05:55,89
2023-05-22 13:05:55,2023-05-22 13:06:59,84
2023-05-22 13:06:59,2023-05-22 13:08:00,106
2023-05-22 13:08:00,2023-05-22 13:09:00,101
2023-05-22 13:09:00,2023-05-22 13:10:00,103
2023-05-22 13:10:00,2023-05-22 13:10:47,59
2023-05-22 13:11:22,2023-05-22 13:12:40,39
2023-05-22 13:12:40,2023-05-22 13:12:45,9
2023-05-22 13:12:45,2023-05-22 13:13:20,33
2023-05-22 13:17:33,2023-05-22 13:19:11,49
2023-05-22 13:21:45,2023-05-22 13:22:45,10
2023-05-22 13:27:00,2023-05-22 13:28:00,7
2023-05-22 13:28:00,2023-05-22 13:29:16,54
2023-05-22 13:29:39,2023-05-22 13:30:45,33
2023-05-22 13:30:45,2023-05-22 13:31:20,62
2023-05-22 13:31:20,2023-05-22 13:31:31,22
2023-05-22 13:31:31,2023-05-22 13:31:55,47
2023-05-22 13:31:55,2023-05-22 13:32:27,59
2023-05-22 13:32:27,2023-05-22 13:32:38,19
2023-05-22 13:32:38,2023-05-22 13:32:57,35
2023-05-22 13:32:57,2023-05-22 13:33:22,43
2023-05-22 13:34:07,2023-05-22 13:35:15,34
2023-05-22 13:35:15,2023-05-22 13:36:11,92
2023-05-22 13:36:11,2023-05-22 13:36:37,46
2023-05-22 13:36:37,2023-05-22 13:37:11,61
2023-05-22 13:37:11,2023-05-22 13:37:37,45
2023-05-22 13:37:37,2023-05-22 13:38:11,57
2023-05-22 13:38:11,2023-05-22 13:38:38,46
2023-05-22 13:38:38,2023-05-22 13:39:12,59
2023-05-22 13:39:12,2023-05-22 13:39:38,46
2023-05-22 13:39:38,2023-05-22 13:40:23,81
2023-05-22 13:40:23,2023-05-22 13:40:51,46
2023-05-22 13:40:51,2023-05-22 13:41:25,59
2023-05-22 13:41:25,2023-05-22 13:41:54,50
2023-05-22 13:41:54,2023-05-22 13:42:04,17
2023-05-22 13:42:04,2023-05-22 13:43:58,60
2023-05-22 13:43:58,2023-05-22 13:44:40,73
2023-05-22 13:44:40,2023-05-22 13:44:44,6
2023-05-22 13:44:44,2023-05-22 13:47:13,109
2023-05-22 13:47:13,2023-05-22 13:47:33,34
2023-05-22 13:47:33,2023-05-22 13:48:34,67
2023-05-22 13:53:54,2023-05-22 13:54:54,10
2023-05-22 13:55:56,2023-05-22 13:56:56,21
2023-05-22 14:00:59,2023-05-22 14:01:59,12
2023-05-22 15:34:56,2023-05-22 15:37:42,83
2023-05-22 15:37:42,2023-05-22 15:38:49,44
2023-05-22 15:38:49,2023-05-22 15:39:43,18
2023-05-22 15:40:11,2023-05-22 15:41:11,6
2023-05-22 16:04:40,2023-05-22 16:05:40,29
2023-05-22 16:05:40,2023-05-22 16:05:48,14
2023-05-22 16:05:48,2023-05-22 16:06:40,82
2023-05-22 16:06:40,2023-05-22 16:06:50,13
2023-05-22 16:25:40,2023-05-22 16:27:26,53
2023-05-22 16:27:26,2023-05-22 16:27:54,51
2023-05-22 16:27:54,2023-05-22 16:28:31,58
2023-05-22 16:28:31,2023-05-22 16:29:08,57
2023-05-22 16:29:08,2023-05-22 16:29:36,36
2023-05-22 16:29:36,2023-05-22 16:30:10,52
2023-05-22 16:30:10,2023-05-22 16:30:50,62
2023-05-22 16:30:50,2023-05-22 16:31:20,45
2023-05-22 16:31:20,2023-05-22 16:32:14,82
2023-05-22 16:32:14,2023-05-22 16:32:39,29
2023-05-22 16:32:39,2023-05-22 16:33:17,53
2023-05-22 16:33:17,2023-05-22 16:33:46,41
2023-05-22 16:33:46,2023-05-22 16:34:25,57
2023-05-22 16:34:25,2023-05-22 16:34:51,36
2023-05-22 16:34:51,2023-05-22 16:35:29,57
2023-05-22 16:35:29,2023-05-22 16:35:54,40
2023-05-22 16:35:54,2023-05-22 16:36:14,31
2023-05-22 16:36:14,2023-05-22 16:36:58,50
2023-05-22 16:36:58,2023-05-22 16:37:36,57
2023-05-22 16:37:36,2023-05-22 16:38:00,37
2023-05-22 16:38:00,2023-05-22 16:38:38,61
2023-05-22 16:38:38,2023-05-22 16:39:02,34
2023-05-22 16:39:02,2023-05-22 16:39:40,66
2023-05-22 16:39:40,2023-05-22 16:40:04,34
2023-05-22 16:40:04,2023-05-22 16:40:40,59
2023-05-22 16:40:40,2023-05-22 16:41:04,43
2023-05-22 16:41:04,2023-05-22 16:41:40,51
2023-05-22 16:41:40,2023-05-22 16:42:05,43
2023-05-22 16:42:59,2023-05-22 16:43:59,24
2023-05-22 20:13:05,2023-05-22 20:16:45,110
2023-05-22 20:16:45,2023-05-22 20:17:45,103
2023-05-22 20:17:45,2023-05-22 20:18:44,103
2023-05-22 20:18:44,2023-05-22 20:19:55,119
2023-05-22 20:19:55,2023-05-22 20:20:56,109
2023-05-22 20:20:56,2023-05-22 20:21:56,111
2023-05-22 20:21:56,2023-05-22 20:22:56,114
2023-05-22 20:22:56,2023-05-22 20:23:57,114
2023-05-22 20:23:57,2023-05-22 20:24:57,108
2023-05-22 20:24:57,2023-05-22 20:25:51,67
2023-05-22 20:25:51,2023-05-22 20:27:03,110
2023-05-22 20:27:03,2023-05-22 20:27:31,41
2023-05-22 21:58:21,2023-05-22 21:59:37,38
2023-05-22 21:59:37,2023-05-22 22:00:39,114
2023-05-22 22:00:39,2023-05-22 22:00:46,14
2023-05-22 22:00:46,2023-05-22 22:01:42,97
2023-05-22 22:01:42,2023-05-22 22:01:50,13
2023-05-22 22:01:50,2023-05-22 22:02:49,99
2023-05-22 22:02:49,2023-05-22 22:02:56,12
2023-05-22 22:02:56,2023-05-22 22:03:49,73
2023-05-22 22:03:49,2023-05-22 22:03:53,6
2023-05-22 22:03:53,2023-05-22 22:04:40,47
2023-05-22 22:04:40,2023-05-22 22:04:54,7
2023-05-22 22:04:54,2023-05-22 22:05:53,71
2023-05-22 22:05:53,2023-05-22 22:06:01,14
2023-05-22 22:06:01,2023-05-22 22:07:02,104
2023-05-22 22:07:02,2023-05-22 22:07:23,38
2023-05-22 22:07:23,2023-05-22 22:08:12,90
2023-05-22 22:08:12,2023-05-22 22:08:32,37
2023-05-22 22:08:32,2023-05-22 22:09:27,105
2023-05-22 22:09:27,2023-05-22 22:09:53,50
2023-05-22 22:09:53,2023-05-22 22:10:41,87
2023-05-22 22:10:41,2023-05-22 22:10:58,32
2023-05-22 22:10:58,2023-05-22 22:11:42,72
2023-05-22 22:11:42,2023-05-22 22:11:59,27
2023-05-22 22:12:00,2023-05-22 22:13:18,39
2023-05-22 22:13:18,2023-05-22 22:13:46,32
2023-05-22 22:13:46,2023-05-22 22:13:51,7
2023-05-22 22:20:56,2023-05-22 22:22:42,53
2023-05-22 22:24:16,2023-05-22 22:25:16,6
2023-05-22 23:02:31,2023-05-22 23:06:27,118
2023-05-22 23:06:27,2023-05-22 23:06:30,5
2023-05-22 23:07:05,2023-05-22 23:08:05,10
2023-05-22 23:16:10,2023-05-22 23:17:10,20
2023-05-22 23:58:37,2023-05-22 23:59:37,6
2023-05-23 00:00:00,2023-05-23 23:59:59,11012
2023-05-24 00:00:00,2023-05-24 16:13:41,9588
2023-05-24 16:13:41,2023-05-24 16:21:34,78
2023-05-24 16:21:34,2023-05-24 17:20:11,577
2023-05-24 17:20:11,2023-05-24 17:42:07,216
2023-05-24 17:42:07,2023-05-24 18:24:33,418
2023-05-24 18:43:33,2023-05-24 19:54:33,699
2023-05-24 19:54:33,2023-05-24 20:24:57,299
2023-05-24 20:24:57,2023-05-24 20:57:06,317
2023-05-24 20:57:06,2023-05-24 23:59:59,1800
2023-05-25 00:00:00,2023-05-25 01:07:34,35
2023-05-25 01:07:34,2023-05-25 01:43:45,18
2023-05-25 01:43:45,2023-05-25 04:34:00,87
2023-05-25 04:34:00,2023-05-25 04:45:00,6
2023-05-25 04:45:00,2023-05-25 05:45:00,31
2023-05-25 05:45:00,2023-05-25 05:55:00,5
2023-05-25 05:55:00,2023-05-25 09:16:07,103
2023-05-25 09:16:07,2023-05-25 23:59:59,451
2023-05-26 00:00:00,2023-05-26 12:42:58,436
2023-05-26 12:42:58,2023-05-26 13:00:20,10
2023-05-26 13:00:20,2023-05-26 13:14:51,8
2023-05-26 13:14:51,2023-05-26 13:37:36,13
2023-05-26 13:37:36,2023-05-26 23:59:59,355
2023-05-27 09:18:39,2023-05-27 09:19:39,12
2023-05-27 09:22:11,2023-05-27 09:23:11,15
2023-05-27 09:25:05,2023-05-27 09:26:05,6
2023-05-27 10:24:36,2023-05-27 10:25:36,16
2023-05-27 11:29:11,2023-05-27 11:30:15,32
2023-05-27 13:09:06,2023-05-27 13:10:06,21
2023-05-27 13:10:06,2023-05-27 13:11:20,114
2023-05-27 13:11:20,2023-05-27 13:11:30,13
2023-05-27 13:12:11,2023-05-27 13:13:11,20
2023-05-27 18:04:50,2023-05-27 18:05:50,23
2023-05-27 18:51:35,2023-05-27 18:52:35,28
2023-05-27 20:05:23,2023-05-27 20:06:23,16
2023-05-27 22:57:59,2023-05-27 22:59:09,35
2023-05-27 22:59:09,2023-05-27 22:59:27,7
2023-05-27 23:00:15,2023-05-27 23:01:15,6
2023-05-27 23:21:23,2023-05-27 23:22:23,8
2023-05-27 23:30:36,2023-05-27 23:32:02,43
2023-05-28 07:49:15,2023-05-28 07:50:45,45
2023-05-28 07:50:48,2023-05-28 07:51:48,9
2023-05-28 07:54:06,2023-05-28 07:55:06,26
2023-05-28 07:55:06,2023-05-28 07:55:08,6
2023-05-28 08:15:25,2023-05-28 08:16:25,22
2023-05-28 08:16:25,2023-05-28 08:16:29,6
2023-05-28 08:16:42,2023-05-28 08:17:42,9
2023-05-28 08:26:07,2023-05-28 08:27:07,6
2023-05-28 08:35:46,2023-05-28 08:37:22,48
2023-05-28 08:37:22,2023-05-28 08:38:08,15
2023-05-28 08:52:45,2023-05-28 08:53:45,22
2023-05-28 09:15:47,2023-05-28 09:18:05,69
2023-05-28 11:57:34,2023-05-28 11:58:34,15
2023-05-28 12:17:53,2023-05-28 12:20:23,75
2023-05-28 12:20:23,2023-05-28 12:20:31,14
2023-05-28 12:20:31,2023-05-28 12:21:38,119
2023-05-28 12:23:23,2023-05-28 12:24:29,33
2023-05-28 12:24:29,2023-05-28 12:25:01,17
2023-05-28 12:34:30,2023-05-28 12:35:30,24
2023-05-28 12:35:30,2023-05-28 12:35:34,4
2023-05-28 12:40:27,2023-05-28 12:41:33,33
2023-05-28 12:47:26,2023-05-28 12:48:26,22
2023-05-28 12:57:46,2023-05-28 12:58:58,36
2023-05-28 12:58:58,2023-05-28 12:59:58,23
2023-05-28 12:59:58,2023-05-28 13:00:16,12
2023-05-28 13:00:58,2023-05-28 13:01:58,17
2023-05-28 13:20:05,2023-05-28 13:21:05,8
2023-05-28 13:44:51,2023-05-28 13:45:51,7
2023-05-28 13:59:45,2023-05-28 14:00:45,6
2023-05-28 14:03:44,2023-05-28 14:04:44,8
2023-05-28 21:33:21,2023-05-28 21:34:29,34
2023-05-29 10:50:33,2023-05-29 10:51:33,26
2023-05-29 10:51:42,2023-05-29 10:53:12,45
2023-05-29 10:53:12,2023-05-29 10:53:36,42
2023-05-29 10:53:36,2023-05-29 10:54:14,46
2023-05-29 10:54:14,2023-05-29 10:54:40,32
2023-05-29 10:58:34,2023-05-29 10:59:34,18
2023-05-29 10:59:34,2023-05-29 11:00:02,34
2023-05-29 11:20:25,2023-05-29 11:21:25,15
2023-05-29 11:21:25,2023-05-29 11:22:00,36
2023-05-29 11:22:00,2023-05-29 11:22:03,4
2023-05-29 11:22:03,2023-05-29 11:24:28,89
2023-05-29 11:24:28,2023-05-29 11:24:39,15
2023-05-29 11:24:39,2023-05-29 11:25:13,53
2023-05-29 11:25:13,2023-05-29 11:25:38,44
2023-05-29 11:33:58,2023-05-29 11:34:58,24
2023-05-29 11:34:58,2023-05-29 11:35:20,21
2023-05-29 12:10:37,2023-05-29 12:11:37,19
2023-05-29 12:13:47,2023-05-29 12:14:47,10
2023-05-29 12:42:05,2023-05-29 12:46:07,121
2023-05-29 12:46:07,2023-05-29 12:46:12,9
2023-05-29 12:50:30,2023-05-29 12:51:44,37
2023-05-29 12:51:44,2023-05-29 12:51:53,16
2023-05-29 12:51:53,2023-05-29 12:52:44,62
2023-05-29 12:52:44,2023-05-29 12:53:02,33
2023-05-29 18:31:13,2023-05-29 18:32:23,35
2023-05-29 18:55:48,2023-05-29 18:56:48,28
2023-05-29 18:58:43,2023-05-29 18:59:43,21
2023-05-29 19:24:31,2023-05-29 19:25:41,35
2023-05-29 19:25:41,2023-05-29 19:25:43,3
2023-05-29 19:29:54,2023-05-29 19:30:54,6
2023-05-29 19:31:10,2023-05-29 19:32:34,42
2023-05-29 19:32:38,2023-05-29 19:33:38,27
2023-05-29 19:38:15,2023-05-29 19:39:15,10
2023-05-29 20:01:13,2023-05-29 20:02:13,9
2023-05-29 22:32:34,2023-05-29 22:33:46,36
2023-05-29 22:36:43,2023-05-29 22:37:43,23
2023-05-29 22:43:07,2023-05-29 22:44:07,18
2023-05-29 22:44:07,2023-05-29 22:44:09,4
2023-05-29 22:44:28,2023-05-29 22:45:28,18
2023-05-29 23:18:45,2023-05-29 23:19:45,28
2023-05-30 00:01:00,2023-05-30 23:29:00,93
2023-05-30 23:30:33,2023-05-30 23:31:33,8
2023-05-30 23:34:44,2023-05-30 23:35:44,27
2023-05-31 09:42:14,2023-05-31 09:43:14,26
2023-05-31 09:54:25,2023-05-31 09:55:25,7
2023-05-31 10:44:11,2023-05-31 10:45:11,14
2023-05-31 12:43:04,2023-05-31 12:44:04,20
2023-05-31 15:17:06,2023-05-31 15:18:28,41
2023-05-31 15:22:59,2023-05-31 15:24:13,37
2023-05-31 15:24:13,2023-05-31 15:24:56,72
2023-05-31 20:50:32,2023-05-31 20:50:55,17
2023-05-31 20:50:55,2023-05-31 20:52:17,49
2023-05-31 20:52:17,2023-05-31 20:53:05,56
2023-05-31 20:54:57,2023-05-31 20:55:57,7
2023-05-31 20:57:35,2023-05-31 20:58:35,18
2023-05-31 20:59:14,2023-05-31 21:00:14,28
2023-05-31 21:00:14,2023-05-31 21:00:56,68
2023-05-31 21:00:56,2023-05-31 21:01:21,45
2023-05-31 21:01:21,2023-05-31 21:01:43,33
2023-05-31 21:02:21,2023-05-31 21:03:21,20
2023-05-31 21:03:21,2023-05-31 21:03:50,34
2023-06-01 05:05:11,2023-06-01 05:06:11,18
2023-06-01 05:08:17,2023-06-01 05:09:17,26
2023-06-01 05:09:17,2023-06-01 05:09:54,31
2023-06-01 05:09:54,2023-06-01 05:11:45,90
2023-06-01 05:15:25,2023-06-01 05:16:25,7
2023-06-01 05:16:25,2023-06-01 05:16:39,26
2023-06-01 05:39:16,2023-06-01 05:39:35,38
2023-06-01 05:39:35,2023-06-01 05:39:58,43
2023-06-01 05:39:58,2023-06-01 05:40:20,39
2023-06-01 05:40:20,2023-06-01 05:40:56,73
2023-06-01 05:40:56,2023-06-01 05:41:01,5
2023-06-01 05:43:00,2023-06-01 05:44:00,30
2023-06-01 05:44:00,2023-06-01 05:44:17,21
2023-06-01 05:44:35,2023-06-01 05:45:35,15
2023-06-01 05:45:35,2023-06-01 05:45:45,10
2023-06-01 05:45:45,2023-06-01 05:46:08,23
2023-06-01 05:46:08,2023-06-01 05:46:47,19
2023-06-01 05:46:47,2023-06-01 05:47:38,50
2023-06-01 05:47:38,2023-06-01 05:48:53,106
2023-06-01 05:48:53,2023-06-01 05:49:49,21
2023-06-01 05:49:49,2023-06-01 05:52:03,72
2023-06-01 05:52:03,2023-06-01 05:52:22,30
2023-06-01 05:53:16,2023-06-01 05:54:16,19
2023-06-01 05:55:01,2023-06-01 05:56:01,16
2023-06-01 07:20:02,2023-06-01 07:20:11,11
2023-06-01 07:20:11,2023-06-01 07:20:35,44
2023-06-01 07:20:35,2023-06-01 07:20:44,13
2023-06-01 07:20:44,2023-06-01 07:21:32,95
2023-06-01 07:21:32,2023-06-01 07:21:43,22
2023-06-01 07:21:43,2023-06-01 07:22:11,54
2023-06-01 07:22:11,2023-06-01 07:22:38,50
2023-06-01 07:22:38,2023-06-01 07:22:47,17
2023-06-01 07:22:47,2023-06-01 07:23:10,37
2023-06-01 07:23:10,2023-06-01 07:23:38,43
2023-06-01 07:23:38,2023-06-01 07:24:04,34
2023-06-01 07:24:04,2023-06-01 07:24:29,37
2023-06-01 07:24:29,2023-06-01 07:25:00,10
2023-06-01 07:26:00,2023-06-01 07:27:00,7
2023-06-01 07:31:12,2023-06-01 07:32:12,20
2023-06-01 07:33:12,2023-06-01 07:34:12,8
2023-06-01 07:36:04,2023-06-01 07:37:04,11
2023-06-01 07:37:32,2023-06-01 07:38:32,11
2023-06-01 07:46:54,2023-06-01 07:47:54,29
2023-06-01 07:51:58,2023-06-01 07:52:58,8
2023-06-01 07:53:54,2023-06-01 07:54:54,13
2023-06-01 07:54:54,2023-06-01 07:55:32,62
2023-06-01 07:55:32,2023-06-01 07:55:39,13
2023-06-01 07:55:39,2023-06-01 07:56:22,21
2023-06-01 07:56:22,2023-06-01 07:56:58,11
2023-06-01 07:56:58,2023-06-01 07:58:03,119
2023-06-01 07:58:03,2023-06-01 07:58:29,45
2023-06-01 07:58:29,2023-06-01 07:59:36,118
2023-06-01 07:59:36,2023-06-01 07:59:59,43
2023-06-01 07:59:59,2023-06-01 08:01:00,106
2023-06-01 08:01:00,2023-06-01 08:01:15,28
2023-06-01 08:01:15,2023-06-01 08:01:36,39
2023-06-01 08:01:36,2023-06-01 08:02:37,112
2023-06-01 08:02:37,2023-06-01 08:03:13,68
2023-06-01 08:03:13,2023-06-01 08:03:41,48
2023-06-01 08:03:41,2023-06-01 08:03:59,34
2023-06-01 08:03:59,2023-06-01 08:04:35,67
2023-06-01 08:04:35,2023-06-01 08:04:43,16
2023-06-01 08:04:43,2023-06-01 08:05:17,62
2023-06-01 08:05:17,2023-06-01 08:05:26,18
2023-06-01 08:05:26,2023-06-01 08:06:09,80
2023-06-01 08:06:09,2023-06-01 08:06:39,57
2023-06-01 08:06:39,2023-06-01 08:06:59,36
2023-06-01 08:06:59,2023-06-01 08:07:20,42
2023-06-01 08:07:20,2023-06-01 08:07:37,32
2023-06-01 08:07:37,2023-06-01 08:08:00,42
2023-06-01 08:08:00,2023-06-01 08:08:14,28
2023-06-01 08:08:14,2023-06-01 08:08:51,70
2023-06-01 08:08:51,2023-06-01 08:09:12,40
2023-06-01 08:09:12,2023-06-01 08:09:36,44
2023-06-01 08:09:36,2023-06-01 08:10:42,105
2023-06-01 08:10:42,2023-06-01 08:11:04,44
2023-06-01 08:11:04,2023-06-01 08:11:31,52
2023-06-01 08:11:31,2023-06-01 08:11:58,57
2023-06-01 08:11:58,2023-06-01 08:12:24,47
2023-06-01 08:12:24,2023-06-01 08:12:40,32
2023-06-01 08:12:40,2023-06-01 08:13:03,43
2023-06-01 08:13:03,2023-06-01 08:13:30,52
2023-06-01 08:13:30,2023-06-01 08:13:49,36
2023-06-01 08:13:49,2023-06-01 08:14:12,40
2023-06-01 08:14:12,2023-06-01 08:14:38,45
2023-06-01 08:14:38,2023-06-01 08:14:57,35
2023-06-01 08:14:57,2023-06-01 08:15:14,32
2023-06-01 08:15:14,2023-06-01 08:15:40,42
2023-06-01 08:15:40,2023-06-01 08:16:05,45
2023-06-01 08:16:05,2023-06-01 08:16:32,47
2023-06-01 08:16:32,2023-06-01 08:16:56,43
2023-06-01 08:16:56,2023-06-01 08:17:24,51
2023-06-01 08:17:24,2023-06-01 08:17:47,43
2023-06-01 08:17:47,2023-06-01 08:18:07,35
2023-06-01 08:18:07,2023-06-01 08:18:26,32
2023-06-01 08:18:26,2023-06-01 08:18:51,28
2023-06-01 08:18:51,2023-06-01 08:18:58,12
2023-06-01 08:18:58,2023-06-01 08:19:38,9
2023-06-01 08:19:38,2023-06-01 08:19:56,22
2023-06-01 08:19:56,2023-06-01 08:20:26,12
2023-06-01 08:20:26,2023-06-01 08:21:29,60
2023-06-01 08:28:24,2023-06-01 08:31:00,78
2023-06-01 08:31:00,2023-06-01 08:31:28,44
2023-06-01 08:31:28,2023-06-01 08:31:40,19
2023-06-01 08:31:40,2023-06-01 08:33:06,140
2023-06-01 08:33:06,2023-06-01 08:33:36,54
2023-06-01 08:33:36,2023-06-01 08:33:59,42
2023-06-01 08:33:59,2023-06-01 08:34:20,34
2023-06-01 08:34:20,2023-06-01 08:34:36,27
2023-06-01 08:34:36,2023-06-01 08:35:12,62
2023-06-01 08:35:12,2023-06-01 08:35:32,38
2023-06-01 08:35:32,2023-06-01 08:36:03,51
2023-06-01 08:36:03,2023-06-01 08:36:25,15
2023-06-01 08:36:25,2023-06-01 08:37:18,6
2023-06-01 08:37:18,2023-06-01 08:38:04,7
2023-06-01 08:39:23,2023-06-01 08:40:23,7
2023-06-01 08:40:23,2023-06-01 08:40:25,3
2023-06-01 08:45:57,2023-06-01 08:46:57,8
2023-06-01 08:53:52,2023-06-01 08:54:52,15
2023-06-01 08:54:52,2023-06-01 08:55:02,12
2023-06-01 09:09:24,2023-06-01 09:10:24,30
2023-06-01 09:51:03,2023-06-01 09:52:03,6
2023-06-01 10:07:15,2023-06-01 10:08:15,12
2023-06-01 12:00:24,2023-06-01 12:02:40,68
2023-06-01 12:02:40,2023-06-01 12:02:58,38
2023-06-01 12:02:58,2023-06-01 12:03:39,82
2023-06-01 12:03:39,2023-06-01 12:03:59,37
2023-06-01 12:03:59,2023-06-01 12:05:17,130
2023-06-01 12:05:17,2023-06-01 12:05:46,52
2023-06-01 12:05:46,2023-06-01 12:06:55,41
2023-06-01 12:37:14,2023-06-01 12:39:52,79
2023-06-01 12:39:52,2023-06-01 12:40:21,29
2023-06-01 12:40:21,2023-06-01 12:41:39,95
2023-06-01 12:41:39,2023-06-01 12:42:02,27
2023-06-01 12:42:02,2023-06-01 12:42:09,11
2023-06-01 12:42:09,2023-06-01 12:42:49,70
2023-06-01 12:42:49,2023-06-01 12:43:14,46
2023-06-01 12:43:14,2023-06-01 12:43:21,13
2023-06-01 12:43:21,2023-06-01 12:44:14,71
2023-06-01 12:44:14,2023-06-01 12:44:38,34
2023-06-01 12:44:38,2023-06-01 12:44:47,8
2023-06-01 12:44:47,2023-06-01 12:45:22,68
2023-06-01 12:45:22,2023-06-01 12:45:47,46
2023-06-01 12:45:47,2023-06-01 12:46:36,52
2023-06-01 12:46:36,2023-06-01 12:46:38,4
2023-06-01 12:46:38,2023-06-01 12:47:14,62
2023-06-01 12:47:14,2023-06-01 12:47:43,50
2023-06-01 12:47:43,2023-06-01 12:48:18,47
2023-06-01 12:48:18,2023-06-01 12:48:50,51
2023-06-01 12:48:50,2023-06-01 12:48:56,7
2023-06-01 12:48:56,2023-06-01 12:49:57,88
2023-06-01 12:49:57,2023-06-01 12:50:14,9
2023-06-01 12:50:14,2023-06-01 12:50:56,74
2023-06-01 12:50:56,2023-06-01 12:50:58,4
2023-06-01 12:50:58,2023-06-01 12:51:31,31
2023-06-01 12:51:31,2023-06-01 12:52:10,54
2023-06-01 12:52:10,2023-06-01 12:52:33,40
2023-06-01 12:52:33,2023-06-01 12:52:43,12
2023-06-01 12:52:43,2023-06-01 12:53:26,77
2023-06-01 12:53:26,2023-06-01 12:53:49,42
2023-06-01 12:53:49,2023-06-01 12:54:39,78
2023-06-01 12:54:39,2023-06-01 12:55:39,15
2023-06-01 13:32:10,2023-06-01 13:33:52,51
2023-06-01 13:33:52,2023-06-01 13:33:56,8
2023-06-01 13:33:56,2023-06-01 13:34:52,109
2023-06-01 13:34:52,2023-06-01 13:34:56,8
2023-06-01 13:34:56,2023-06-01 13:35:43,87
2023-06-01 13:35:43,2023-06-01 13:36:27,7
2023-06-01 13:43:11,2023-06-01 13:44:11,13
2023-06-01 13:44:27,2023-06-01 13:45:27,20
2023-06-01 13:45:27,2023-06-01 13:46:06,18
2023-06-01 13:52:20,2023-06-01 13:53:20,25
2023-06-01 13:54:12,2023-06-01 13:57:02,85
2023-06-01 13:57:02,2023-06-01 13:57:23,38
2023-06-01 13:57:23,2023-06-01 13:58:22,114
2023-06-01 13:58:22,2023-06-01 13:58:56,63
2023-06-01 13:58:56,2023-06-01 13:59:57,114
2023-06-01 13:59:57,2023-06-01 14:00:19,40
2023-06-01 14:00:19,2023-06-01 14:01:07,64
2023-06-01 14:01:07,2023-06-01 14:01:30,43
2023-06-01 14:01:30,2023-06-01 14:01:59,52
2023-06-01 14:02:12,2023-06-01 14:03:12,8
2023-06-01 14:03:12,2023-06-01 14:04:07,76
2023-06-01 14:04:07,2023-06-01 14:04:12,10
2023-06-01 14:04:12,2023-06-01 14:05:14,115
2023-06-01 14:05:14,2023-06-01 14:05:20,11
2023-06-01 14:05:20,2023-06-01 14:06:20,95
2023-06-01 14:06:20,2023-06-01 14:06:31,20
2023-06-01 14:06:31,2023-06-01 14:07:32,52
2023-06-01 14:07:32,2023-06-01 14:07:37,8
2023-06-01 14:08:08,2023-06-01 14:09:08,19
2023-06-01 14:09:51,2023-06-01 14:10:51,27
2023-06-01 15:26:58,2023-06-01 15:29:06,64
2023-06-01 15:29:06,2023-06-01 15:29:55,20
2023-06-01 15:29:55,2023-06-01 15:32:11,79
2023-06-01 15:32:11,2023-06-01 15:32:28,30
2023-06-01 15:32:28,2023-06-01 15:33:36,119
2023-06-01 15:33:36,2023-06-01 15:34:38,108
2023-06-01 15:34:38,2023-06-01 15:34:56,31
2023-06-01 15:34:56,2023-06-01 15:35:13,28
2023-06-01 15:35:13,2023-06-01 15:35:43,49
2023-06-01 15:35:43,2023-06-01 15:35:46,5
2023-06-01 15:35:46,2023-06-01 15:36:15,39
2023-06-01 15:36:15,2023-06-01 15:36:52,12
2023-06-01 15:39:21,2023-06-01 15:40:21,9
2023-06-01 15:40:47,2023-06-01 15:41:47,21
2023-06-01 15:47:09,2023-06-01 15:48:09,22
2023-06-01 15:48:09,2023-06-01 15:49:07,27
2023-06-01 15:49:07,2023-06-01 15:49:38,54
2023-06-01 15:49:38,2023-06-01 15:50:28,86
2023-06-01 15:50:28,2023-06-01 15:50:52,42
2023-06-01 15:50:52,2023-06-01 15:50:58,10
2023-06-01 15:51:02,2023-06-01 15:52:48,53
2023-06-01 15:52:48,2023-06-01 15:53:34,45
2023-06-01 15:53:34,2023-06-01 15:53:57,45
2023-06-01 15:53:57,2023-06-01 15:54:36,38
2023-06-01 15:54:36,2023-06-01 15:54:51,24
2023-06-01 15:54:51,2023-06-01 15:55:39,59
2023-06-01 15:55:39,2023-06-01 15:56:03,27
2023-06-01 15:56:03,2023-06-01 15:56:48,69
2023-06-01 15:56:48,2023-06-01 15:57:15,40
2023-06-01 15:57:15,2023-06-01 15:57:56,68
2023-06-01 15:57:56,2023-06-01 15:58:18,41
2023-06-01 15:58:18,2023-06-01 15:58:57,61
2023-06-01 15:58:57,2023-06-01 15:59:20,39
2023-06-01 15:59:20,2023-06-01 16:00:00,55
2023-06-01 16:00:00,2023-06-01 16:00:22,39
2023-06-01 16:00:22,2023-06-01 16:01:17,46
2023-06-01 16:01:17,2023-06-01 16:02:18,106
2023-06-01 16:02:18,2023-06-01 16:02:43,44
2023-06-01 16:02:43,2023-06-01 16:03:24,76
2023-06-01 16:03:24,2023-06-01 16:03:44,37
2023-06-01 16:03:44,2023-06-01 16:04:34,94
2023-06-01 16:04:34,2023-06-01 16:04:58,45
2023-06-01 16:04:58,2023-06-01 16:05:24,46
2023-06-01 16:05:24,2023-06-01 16:06:25,51
2023-06-01 16:06:50,2023-06-01 16:07:50,25
2023-06-01 17:37:50,2023-06-01 17:38:50,14
2023-06-01 17:44:52,2023-06-01 17:45:52,7
2023-06-01 17:47:54,2023-06-01 17:48:54,11
2023-06-01 18:00:51,2023-06-01 18:01:51,23
2023-06-01 18:11:13,2023-06-01 18:12:39,43
2023-06-01 18:14:10,2023-06-01 18:15:10,15
2023-06-01 18:15:10,2023-06-01 18:15:51,18
2023-06-01 18:37:24,2023-06-01 18:38:24,13
2023-06-01 18:58:43,2023-06-01 19:00:03,40
2023-06-01 19:00:03,2023-06-01 19:00:08,8
2023-06-01 19:00:47,2023-06-01 19:01:47,15
2023-06-01 19:28:13,2023-06-01 19:29:13,15
2023-06-01 19:29:13,2023-06-01 19:30:14,37
2023-06-01 19:30:14,2023-06-01 19:30:27,22
2023-06-01 19:31:18,2023-06-01 19:32:18,27
2023-06-01 19:32:18,2023-06-01 19:32:59,26
2023-06-01 19:33:05,2023-06-01 19:34:49,52
2023-06-01 19:34:49,2023-06-01 19:34:52,3
2023-06-01 19:34:52,2023-06-01 19:35:50,91
2023-06-01 19:35:50,2023-06-01 19:35:52,3
2023-06-01 19:35:52,2023-06-01 19:36:50,96
2023-06-01 19:36:50,2023-06-01 19:36:53,5
2023-06-01 19:36:53,2023-06-01 19:37:54,110
2023-06-01 19:37:54,2023-06-01 19:37:56,3
2023-06-01 19:37:56,2023-06-01 19:38:58,96
2023-06-01 19:38:58,2023-06-01 19:39:35,42
2023-06-01 19:39:36,2023-06-01 19:40:36,18
2023-06-01 19:46:16,2023-06-01 19:47:16,18
2023-06-01 19:47:16,2023-06-01 19:48:04,10
2023-06-01 19:49:07,2023-06-01 19:50:07,30
2023-06-01 19:58:11,2023-06-01 19:59:33,41
2023-06-01 19:59:33,2023-06-01 20:00:25,29
2023-06-01 20:00:25,2023-06-01 20:00:39,11
2023-06-01 20:00:39,2023-06-01 20:01:03,21
2023-06-01 20:01:03,2023-06-01 20:01:19,19
2023-06-01 20:01:19,2023-06-01 20:02:07,66
2023-06-01 20:02:07,2023-06-01 20:02:33,42
2023-06-01 20:02:33,2023-06-01 20:03:18,40
2023-06-01 20:03:18,2023-06-01 20:03:34,30
2023-06-01 20:03:34,2023-06-01 20:04:34,103
2023-06-01 20:04:34,2023-06-01 20:04:55,34
2023-06-01 20:04:55,2023-06-01 20:05:08,24
2023-06-01 20:05:08,2023-06-01 20:05:40,53
2023-06-01 20:05:40,2023-06-01 20:06:00,26
2023-06-01 20:06:00,2023-06-01 20:06:28,27
2023-06-01 20:06:28,2023-06-01 20:06:52,37
2023-06-01 20:06:52,2023-06-01 20:07:04,21
2023-06-01 20:07:04,2023-06-01 20:07:29,26
2023-06-01 20:07:29,2023-06-01 20:07:53,42
2023-06-01 20:07:53,2023-06-01 20:08:34,31
2023-06-01 20:08:34,2023-06-01 20:09:04,51
2023-06-01 20:09:04,2023-06-01 20:09:23,29
2023-06-01 20:09:23,2023-06-01 20:09:50,48
2023-06-01 20:10:17,2023-06-01 20:11:23,33
2023-06-01 20:19:27,2023-06-01 20:20:27,7
2023-06-01 20:21:10,2023-06-01 20:22:10,19
2023-06-01 20:23:30,2023-06-01 20:25:02,46
2023-06-01 20:25:02,2023-06-01 20:26:13,36
2023-06-01 20:31:38,2023-06-01 20:32:38,8
2023-06-01 20:35:21,2023-06-01 20:36:55,47
2023-06-01 20:36:55,2023-06-01 20:37:54,42
2023-06-01 20:37:54,2023-06-01 20:38:34,27
2023-06-01 20:38:44,2023-06-01 20:39:52,34
2023-06-01 20:39:52,2023-06-01 20:41:07,43
2023-06-01 20:41:07,2023-06-01 20:42:26,107
2023-06-01 20:42:26,2023-06-01 20:43:37,54
2023-06-01 20:44:19,2023-06-01 20:45:41,41
2023-06-01 20:45:41,2023-06-01 20:46:45,115
2023-06-01 20:48:25,2023-06-01 20:49:29,32
2023-06-01 20:49:29,2023-06-01 20:50:44,64
2023-06-01 20:51:16,2023-06-01 20:52:16,21
2023-06-01 20:52:16,2023-06-01 20:52:44,18
2023-06-01 21:00:11,2023-06-01 21:01:11,6
2023-06-01 21:11:51,2023-06-01 21:12:51,7
2023-06-01 21:20:24,2023-06-01 21:21:24,7
2023-06-01 21:48:58,2023-06-01 21:49:58,14
2023-06-01 21:53:38,2023-06-01 21:54:38,16
2023-06-01 21:54:38,2023-06-01 21:55:27,19
2023-06-01 22:00:58,2023-06-01 22:01:58,6
2023-06-01 22:07:16,2023-06-01 22:08:16,9
2023-06-01 22:12:21,2023-06-01 22:13:21,8
2023-06-02 07:32:18,2023-06-02 07:33:18,8
2023-06-02 07:33:18,2023-06-02 07:33:19,4
2023-06-02 08:03:04,2023-06-02 08:04:04,6
2023-06-02 08:33:45,2023-06-02 08:34:04,9
2023-06-02 08:34:04,2023-06-02 08:35:22,121
2023-06-02 08:35:22,2023-06-02 08:35:33,19
2023-06-02 08:35:33,2023-06-02 08:36:28,98
2023-06-02 08:36:28,2023-06-02 08:36:39,22
2023-06-02 08:36:39,2023-06-02 08:37:36,107
2023-06-02 08:37:36,2023-06-02 08:37:49,25
2023-06-02 08:37:49,2023-06-02 08:38:49,105
2023-06-02 08:38:49,2023-06-02 08:39:11,39
2023-06-02 08:39:11,2023-06-02 08:40:15,124
2023-06-02 08:40:15,2023-06-02 08:40:39,46
2023-06-02 08:40:39,2023-06-02 08:41:00,40
2023-06-02 08:41:00,2023-06-02 08:41:18,29
2023-06-02 08:41:18,2023-06-02 08:42:11,8
2023-06-02 08:42:11,2023-06-02 08:43:12,90
2023-06-02 08:43:12,2023-06-02 08:43:46,47
2023-06-02 08:43:46,2023-06-02 08:43:54,15
2023-06-02 08:43:54,2023-06-02 08:44:22,53
2023-06-02 08:44:22,2023-06-02 08:44:48,51
2023-06-02 08:44:48,2023-06-02 08:44:57,16
2023-06-02 08:44:57,2023-06-02 08:45:22,43
2023-06-02 08:45:22,2023-06-02 08:45:28,10
2023-06-02 08:45:28,2023-06-02 08:46:46,51
2023-06-02 08:46:46,2023-06-02 08:47:19,47
2023-06-02 08:47:19,2023-06-02 08:49:26,84
2023-06-02 08:49:46,2023-06-02 08:50:46,8
2023-06-02 10:13:24,2023-06-02 10:16:36,96
2023-06-02 10:16:36,2023-06-02 10:16:39,5
2023-06-02 10:16:39,2023-06-02 10:17:39,115
2023-06-02 10:17:39,2023-06-02 10:17:55,28
2023-06-02 10:17:55,2023-06-02 10:18:58,111
2023-06-02 10:18:58,2023-06-02 10:19:17,34
2023-06-02 10:19:17,2023-06-02 10:20:04,88
2023-06-02 10:20:04,2023-06-02 10:20:30,47
2023-06-02 10:20:30,2023-06-02 10:21:21,93
2023-06-02 10:21:21,2023-06-02 10:21:41,39
2023-06-02 10:21:41,2023-06-02 10:22:23,74
2023-06-02 10:22:23,2023-06-02 10:22:45,13
2023-06-02 10:22:45,2023-06-02 10:23:51,70
2023-06-02 10:23:51,2023-06-02 10:24:06,23
2023-06-02 10:24:06,2023-06-02 10:24:26,33
2023-06-02 10:24:26,2023-06-02 10:24:48,37
2023-06-02 10:25:19,2023-06-02 10:26:19,23
2023-06-02 10:26:19,2023-06-02 10:26:42,7
2023-06-02 10:30:23,2023-06-02 10:31:23,7
2023-06-02 10:33:13,2023-06-02 10:34:19,33
2023-06-02 10:34:27,2023-06-02 10:35:27,16
2023-06-02 10:35:58,2023-06-02 10:38:02,62
2023-06-02 10:38:02,2023-06-02 10:39:03,123
2023-06-02 10:39:03,2023-06-02 10:39:04,3
2023-06-02 10:39:04,2023-06-02 10:39:45,80
2023-06-02 10:39:45,2023-06-02 10:40:59,38
2023-06-02 10:40:59,2023-06-02 10:41:00,4
2023-06-02 10:41:00,2023-06-02 10:41:42,63
2023-06-02 10:41:42,2023-06-02 10:42:12,60
2023-06-02 10:42:12,2023-06-02 10:42:30,35
2023-06-02 10:42:30,2023-06-02 10:42:44,28
2023-06-02 10:42:44,2023-06-02 10:43:09,50
2023-06-02 10:43:09,2023-06-02 10:43:26,32
2023-06-02 10:43:26,2023-06-02 10:43:50,42
2023-06-02 10:43:50,2023-06-02 10:44:16,46
2023-06-02 10:44:16,2023-06-02 10:44:46,36
2023-06-02 10:44:46,2023-06-02 10:44:55,15
2023-06-02 10:49:11,2023-06-02 10:50:13,31
2023-06-02 10:50:13,2023-06-02 10:52:56,91
2023-06-02 10:52:56,2023-06-02 10:53:43,17
2023-06-02 10:54:42,2023-06-02 10:55:42,26
2023-06-02 10:56:14,2023-06-02 10:57:14,16
2023-06-02 10:57:14,2023-06-02 10:57:19,10
2023-06-02 10:57:19,2023-06-02 10:57:46,11
2023-06-02 10:57:46,2023-06-02 10:58:02,7
2023-06-02 10:58:02,2023-06-02 10:58:23,28
2023-06-02 10:58:23,2023-06-02 10:58:52,27
2023-06-02 10:58:52,2023-06-02 10:59:44,20
2023-06-02 11:01:51,2023-06-02 11:04:03,66
2023-06-02 11:04:03,2023-06-02 11:05:27,72
2023-06-02 11:05:27,2023-06-02 11:06:05,23
2023-06-02 11:06:05,2023-06-02 11:06:54,69
2023-06-02 11:06:54,2023-06-02 11:07:15,35
2023-06-02 11:13:30,2023-06-02 11:14:30,16
2023-06-02 11:14:54,2023-06-02 11:15:54,13
2023-06-02 11:16:19,2023-06-02 11:17:19,28
2023-06-02 11:25:41,2023-06-02 11:26:49,34
2023-06-02 11:28:45,2023-06-02 11:29:45,19
2023-06-02 11:44:33,2023-06-02 11:45:33,12
2023-06-02 11:45:58,2023-06-02 11:46:58,29
2023-06-02 11:46:58,2023-06-02 11:47:00,4
2023-06-02 11:47:00,2023-06-02 11:47:29,8
2023-06-02 11:48:00,2023-06-02 11:49:56,58
2023-06-02 11:49:56,2023-06-02 11:50:11,12
2023-06-02 11:51:31,2023-06-02 11:52:47,38
2023-06-02 11:52:47,2023-06-02 11:52:50,5
2023-06-02 12:02:23,2023-06-02 12:03:41,39
2023-06-02 12:03:41,2023-06-02 12:04:04,37
2023-06-02 12:04:04,2023-06-02 12:04:44,65
2023-06-02 12:04:44,2023-06-02 12:05:06,35
2023-06-02 12:05:23,2023-06-02 12:06:49,43
2023-06-02 12:06:49,2023-06-02 12:08:19,144
2023-06-02 12:08:19,2023-06-02 12:08:44,39
2023-06-02 12:08:44,2023-06-02 12:09:53,124
2023-06-02 12:09:53,2023-06-02 12:10:21,53
2023-06-02 12:10:21,2023-06-02 12:11:11,90
2023-06-02 12:11:11,2023-06-02 12:11:35,43
2023-06-02 12:11:35,2023-06-02 12:12:14,73
2023-06-02 12:12:14,2023-06-02 12:12:43,50
2023-06-02 12:12:43,2023-06-02 12:13:22,70
2023-06-02 12:13:22,2023-06-02 12:13:39,31
2023-06-02 12:13:39,2023-06-02 12:14:12,36
2023-06-02 12:14:12,2023-06-02 12:14:28,7
2023-06-02 12:14:28,2023-06-02 12:15:36,39
2023-06-02 12:25:33,2023-06-02 12:27:49,68
2023-06-02 12:27:49,2023-06-02 12:28:29,22
2023-06-02 12:28:29,2023-06-02 12:29:17,63
2023-06-02 12:29:17,2023-06-02 12:29:45,53
2023-06-02 12:29:45,2023-06-02 12:30:17,60
2023-06-02 12:30:17,2023-06-02 12:30:46,54
2023-06-02 12:30:46,2023-06-02 12:31:06,36
2023-06-02 12:36:40,2023-06-02 12:37:40,29
2023-06-02 12:37:40,2023-06-02 12:37:44,8
2023-06-02 12:37:44,2023-06-02 12:38:51,126
2023-06-02 12:38:51,2023-06-02 12:39:39,94
2023-06-02 12:39:39,2023-06-02 12:39:43,8
2023-06-02 12:39:43,2023-06-02 12:40:12,52
2023-06-02 12:40:12,2023-06-02 12:41:12,67
2023-06-02 12:41:12,2023-06-02 12:41:26,27
2023-06-02 12:41:26,2023-06-02 12:42:15,90
2023-06-02 12:42:15,2023-06-02 12:43:09,105
2023-06-02 12:43:09,2023-06-02 12:43:25,31
2023-06-02 12:43:25,2023-06-02 12:43:58,64
2023-06-02 12:43:58,2023-06-02 12:44:53,102
2023-06-02 12:44:53,2023-06-02 12:45:59,90
2023-06-02 12:45:59,2023-06-02 12:46:07,7
2023-06-02 12:53:39,2023-06-02 12:54:39,15
2023-06-02 13:08:39,2023-06-02 13:09:39,14
2023-06-02 13:19:38,2023-06-02 13:20:38,10
2023-06-02 13:47:00,2023-06-02 13:48:09,34
2023-06-02 13:48:09,2023-06-02 13:48:51,68
2023-06-02 13:48:51,2023-06-02 13:49:44,92
2023-06-02 13:49:44,2023-06-02 13:50:14,54
2023-06-02 13:50:14,2023-06-02 13:51:12,105
2023-06-02 13:51:12,2023-06-02 13:51:41,53
2023-06-02 13:51:41,2023-06-02 13:52:23,76
2023-06-02 13:52:23,2023-06-02 13:52:49,46
2023-06-02 13:52:49,2023-06-02 13:53:27,69
2023-06-02 13:53:27,2023-06-02 13:53:56,51
2023-06-02 13:53:56,2023-06-02 13:54:34,69
2023-06-02 13:54:34,2023-06-02 13:54:51,29
2023-06-02 13:54:51,2023-06-02 13:55:06,25
2023-06-02 13:55:06,2023-06-02 13:55:54,86
2023-06-02 13:55:54,2023-06-02 13:56:19,38
2023-06-02 13:56:19,2023-06-02 13:58:03,83
2023-06-02 13:58:03,2023-06-02 13:58:24,36
2023-06-02 13:58:24,2023-06-02 13:58:35,16
2023-06-02 13:58:35,2023-06-02 13:59:07,44
2023-06-02 13:59:07,2023-06-02 13:59:20,22
2023-06-02 13:59:20,2023-06-02 13:59:45,33
2023-06-02 13:59:45,2023-06-02 14:00:13,22
2023-06-02 14:00:13,2023-06-02 14:00:31,2
2023-06-02 14:58:40,2023-06-02 15:00:16,48
2023-06-02 15:00:42,2023-06-02 15:01:42,10
2023-06-02 15:01:42,2023-06-02 15:01:59,12
2023-06-02 15:11:45,2023-06-02 15:12:45,7
2023-06-02 15:36:07,2023-06-02 15:37:25,39
2023-06-02 15:37:25,2023-06-02 15:38:27,51
2023-06-02 15:38:27,2023-06-02 15:38:58,29
2023-06-02 15:38:58,2023-06-02 15:39:51,93
2023-06-02 15:39:51,2023-06-02 15:40:20,52
2023-06-02 15:40:20,2023-06-02 15:41:17,8
2023-06-02 15:41:34,2023-06-02 15:42:34,23
2023-06-02 15:42:34,2023-06-02 15:42:59,48
2023-06-02 15:42:59,2023-06-02 15:43:08,17
2023-06-02 15:43:08,2023-06-02 15:43:40,56
2023-06-02 15:43:40,2023-06-02 15:43:59,21
2023-06-02 15:45:52,2023-06-02 15:46:52,20
2023-06-02 15:46:52,2023-06-02 15:47:39,78
2023-06-02 15:47:39,2023-06-02 15:48:19,40
2023-06-02 15:48:19,2023-06-02 15:48:27,13
2023-06-02 15:48:27,2023-06-02 15:48:59,47
2023-06-02 15:50:50,2023-06-02 15:51:50,10
2023-06-02 15:58:27,2023-06-02 15:59:59,46
2023-06-02 15:59:59,2023-06-02 16:00:38,32
2023-06-02 16:00:38,2023-06-02 16:01:02,30
2023-06-02 16:01:02,2023-06-02 16:01:48,73
2023-06-02 16:01:48,2023-06-02 16:02:10,33
2023-06-02 16:07:47,2023-06-02 16:08:47,25
2023-06-02 16:11:58,2023-06-02 16:12:58,7
2023-06-02 16:12:58,2023-06-02 16:13:13,23
2023-06-02 16:13:13,2023-06-02 16:14:14,102
2023-06-02 16:14:14,2023-06-02 16:14:23,18
2023-06-02 16:14:23,2023-06-02 16:15:27,117
2023-06-02 16:15:27,2023-06-02 16:16:24,109
2023-06-02 16:16:24,2023-06-02 16:17:02,62
2023-06-02 16:17:02,2023-06-02 16:17:12,18
2023-06-02 16:17:12,2023-06-02 16:18:17,117
2023-06-02 16:18:17,2023-06-02 16:18:35,33
2023-06-02 16:18:35,2023-06-02 16:19:41,115
2023-06-02 16:19:41,2023-06-02 16:21:05,50
2023-06-02 16:21:18,2023-06-02 16:22:18,24
2023-06-02 16:22:18,2023-06-02 16:22:47,11
2023-06-02 16:22:47,2023-06-02 16:23:51,84
2023-06-02 16:23:51,2023-06-02 16:23:54,5
2023-06-02 16:23:54,2023-06-02 16:25:19,133
2023-06-02 16:25:19,2023-06-02 16:25:31,21
2023-06-02 16:25:31,2023-06-02 16:26:36,108
2023-06-02 16:26:36,2023-06-02 16:26:52,28
2023-06-02 16:26:52,2023-06-02 16:28:06,97
2023-06-02 16:28:06,2023-06-02 16:28:25,25
2023-06-02 16:28:25,2023-06-02 16:28:42,20
2023-06-02 19:08:40,2023-06-02 19:09:56,38
2023-06-02 19:09:56,2023-06-02 19:10:03,12
2023-06-02 19:36:05,2023-06-02 19:38:05,60
2023-06-02 19:38:05,2023-06-02 19:39:40,64
2023-06-02 19:39:40,2023-06-02 19:39:43,2
2023-06-02 19:39:43,2023-06-02 19:41:01,136
2023-06-02 19:41:01,2023-06-02 19:42:14,139
2023-06-02 19:42:14,2023-06-02 19:42:49,57
2023-06-02 19:42:49,2023-06-02 19:43:34,39
2023-06-02 19:43:34,2023-06-02 19:44:02,31
2023-06-02 19:44:19,2023-06-02 19:45:19,17
2023-06-02 19:47:08,2023-06-02 19:48:08,12
2023-06-02 19:49:13,2023-06-02 19:50:39,43
2023-06-02 19:56:21,2023-06-02 19:57:21,9
2023-06-02 20:05:34,2023-06-02 20:06:34,24
2023-06-02 20:06:34,2023-06-02 20:08:20,85
2023-06-02 20:08:20,2023-06-02 20:09:34,75
2023-06-02 20:09:34,2023-06-02 20:09:45,22
2023-06-02 20:09:45,2023-06-02 20:10:23,56
2023-06-02 20:10:23,2023-06-02 20:10:46,34
2023-06-02 20:10:46,2023-06-02 20:11:25,63
2023-06-02 20:11:25,2023-06-02 20:11:54,50
2023-06-02 20:11:54,2023-06-02 20:12:43,88
2023-06-02 20:12:43,2023-06-02 20:13:12,8
2023-06-02 20:22:11,2023-06-02 20:23:51,50
2023-06-02 20:23:51,2023-06-02 20:24:24,52
2023-06-02 20:24:24,2023-06-02 20:24:42,26
2023-06-02 20:24:42,2023-06-02 20:25:24,51
2023-06-02 20:25:24,2023-06-02 20:26:05,45
2023-06-02 20:26:05,2023-06-02 20:26:40,65
2023-06-02 20:26:40,2023-06-02 20:26:43,7
2023-06-02 20:30:36,2023-06-02 20:31:36,14
2023-06-02 20:37:37,2023-06-02 20:38:37,6
2023-06-02 20:40:20,2023-06-02 20:41:20,20
2023-06-02 20:41:28,2023-06-02 20:42:28,19
2023-06-02 20:54:10,2023-06-02 20:55:10,12
2023-06-02 20:58:51,2023-06-02 20:59:51,17
2023-06-02 20:59:51,2023-06-02 20:59:54,3
2023-06-02 20:59:54,2023-06-02 21:00:26,21
2023-06-02 21:01:00,2023-06-02 21:02:00,13
2023-06-02 21:03:18,2023-06-02 21:04:18,27
2023-06-02 21:06:31,2023-06-02 21:07:31,17
2023-06-02 21:11:23,2023-06-02 21:12:23,15
2023-06-02 21:12:30,2023-06-02 21:13:30,11
2023-06-02 21:15:10,2023-06-02 21:16:10,14
2023-06-02 21:27:26,2023-06-02 21:28:26,12
2023-06-02 21:30:29,2023-06-02 21:31:29,8
2023-06-02 21:36:03,2023-06-02 21:37:03,19
2023-06-02 21:37:03,2023-06-02 21:37:05,2
2023-06-02 21:39:14,2023-06-02 21:40:14,14
2023-06-02 21:51:36,2023-06-02 21:52:36,8
2023-06-02 21:52:36,2023-06-02 21:53:16,15
2023-06-02 21:55:05,2023-06-02 21:56:05,8
2023-06-02 22:24:13,2023-06-02 22:25:15,31
2023-06-02 22:25:15,2023-06-02 22:25:24,17
2023-06-02 22:25:24,2023-06-02 22:26:15,92
2023-06-02 22:26:15,2023-06-02 22:26:25,16
2023-06-02 22:26:25,2023-06-02 22:27:14,99
2023-06-02 22:27:14,2023-06-02 22:27:25,16
2023-06-02 22:27:25,2023-06-02 22:28:25,73
2023-06-02 22:28:25,2023-06-02 22:28:42,26
2023-06-02 22:28:42,2023-06-02 22:29:32,85
2023-06-02 22:29:33,2023-06-02 22:30:33,7
2023-06-02 22:31:33,2023-06-02 22:32:33,25
2023-06-02 22:33:42,2023-06-02 22:34:52,35
2023-06-02 22:38:47,2023-06-02 22:40:59,66
2023-06-02 22:40:59,2023-06-02 22:41:59,35
2023-06-02 22:41:59,2023-06-02 22:43:19,42
2023-06-02 22:43:19,2023-06-02 22:43:25,10
2023-06-02 22:47:28,2023-06-02 22:48:28,30
2023-06-02 22:48:45,2023-06-02 22:49:51,33
2023-06-02 22:49:51,2023-06-02 22:50:35,7
2023-06-02 22:52:08,2023-06-02 22:53:08,6
2023-06-02 22:57:28,2023-06-02 22:58:28,6
2023-06-02 23:12:18,2023-06-02 23:13:54,48
2023-06-02 23:13:54,2023-06-02 23:15:06,100
2023-06-02 23:15:06,2023-06-02 23:15:22,28
2023-06-02 23:21:20,2023-06-02 23:22:20,17
2023-06-02 23:22:20,2023-06-02 23:22:22,1
2023-06-02 23:31:36,2023-06-02 23:32:36,11
2023-06-02 23:34:08,2023-06-02 23:35:08,29
2023-06-03 07:35:02,2023-06-03 07:36:02,26
2023-06-03 08:03:46,2023-06-03 08:04:46,7
2023-06-03 08:06:40,2023-06-03 08:07:40,8
2023-06-03 08:16:06,2023-06-03 08:17:06,16
2023-06-03 08:30:30,2023-06-03 08:32:12,51
2023-06-03 08:32:12,2023-06-03 08:32:45,70
2023-06-03 08:32:45,2023-06-03 08:33:18,63
2023-06-03 08:33:18,2023-06-03 08:34:07,94
2023-06-03 08:34:07,2023-06-03 08:34:40,55
2023-06-03 08:34:40,2023-06-03 08:35:11,59
2023-06-03 08:35:11,2023-06-03 08:35:43,55
2023-06-03 08:35:43,2023-06-03 08:36:14,55
2023-06-03 08:36:14,2023-06-03 08:36:45,56
2023-06-03 08:36:45,2023-06-03 08:37:22,66
2023-06-03 08:37:22,2023-06-03 08:37:52,57
2023-06-03 08:37:52,2023-06-03 08:38:24,59
2023-06-03 08:38:24,2023-06-03 08:38:56,60
2023-06-03 08:38:56,2023-06-03 08:39:27,56
2023-06-03 08:39:27,2023-06-03 08:39:57,55
2023-06-03 08:39:57,2023-06-03 08:40:28,55
2023-06-03 08:40:28,2023-06-03 08:41:01,51
2023-06-03 08:41:01,2023-06-03 08:41:32,56
2023-06-03 08:41:32,2023-06-03 08:42:05,56
2023-06-03 08:42:05,2023-06-03 08:42:26,35
2023-06-03 08:45:27,2023-06-03 08:46:27,29
2023-06-03 08:47:31,2023-06-03 08:49:35,62
2023-06-03 08:49:35,2023-06-03 08:50:01,46
2023-06-03 08:50:01,2023-06-03 08:50:13,19
2023-06-03 08:50:13,2023-06-03 08:51:12,14
2023-06-03 08:51:12,2023-06-03 08:51:12,1
2023-06-03 08:51:12,2023-06-03 08:51:53,70
2023-06-03 09:04:33,2023-06-03 09:05:33,7
2023-06-03 10:28:15,2023-06-03 10:30:37,71
2023-06-03 10:30:37,2023-06-03 10:30:55,26
2023-06-03 10:30:55,2023-06-03 10:32:04,104
2023-06-03 10:35:21,2023-06-03 10:36:21,25
2023-06-03 10:39:57,2023-06-03 10:40:57,20
2023-06-03 10:40:57,2023-06-03 10:41:06,15
2023-06-03 10:41:06,2023-06-03 10:42:01,65
2023-06-03 10:43:59,2023-06-03 10:44:59,15
2023-06-03 10:44:59,2023-06-03 10:45:13,7
2023-06-03 10:45:13,2023-06-03 10:46:13,32
2023-06-03 10:46:13,2023-06-03 10:46:56,60
2023-06-03 10:46:56,2023-06-03 10:47:02,10
2023-06-03 10:47:59,2023-06-03 10:48:59,25
2023-06-03 10:52:46,2023-06-03 10:53:46,16
2023-06-03 10:53:46,2023-06-03 10:53:48,4
2023-06-03 10:56:06,2023-06-03 10:57:10,32
2023-06-03 10:57:10,2023-06-03 10:57:37,51
2023-06-03 10:57:37,2023-06-03 10:58:14,60
2023-06-03 10:58:14,2023-06-03 10:58:43,41
2023-06-03 10:58:43,2023-06-03 10:59:33,9
2023-06-03 11:00:01,2023-06-03 11:01:01,6
2023-06-03 11:01:01,2023-06-03 11:01:57,18
2023-06-03 11:05:00,2023-06-03 11:06:00,13
2023-06-03 11:06:00,2023-06-03 11:06:13,17
2023-06-03 11:06:13,2023-06-03 11:07:00,28
2023-06-03 11:07:00,2023-06-03 11:07:50,79
2023-06-03 11:07:50,2023-06-03 11:08:01,19
2023-06-03 11:08:01,2023-06-03 11:08:26,41
2023-06-03 12:13:25,2023-06-03 12:14:25,6
2023-06-03 12:15:34,2023-06-03 12:16:52,39
2023-06-03 12:16:52,2023-06-03 12:16:57,9
2023-06-03 12:16:57,2023-06-03 12:18:13,43
2023-06-03 12:18:13,2023-06-03 12:18:29,11
2023-06-03 12:19:48,2023-06-03 12:20:48,8
2023-06-03 12:22:45,2023-06-03 12:23:45,26
2023-06-03 12:23:45,2023-06-03 12:25:33,88
2023-06-03 12:25:33,2023-06-03 12:25:41,11
2023-06-03 12:25:41,2023-06-03 12:26:37,51
2023-06-03 12:26:37,2023-06-03 12:27:20,56
2023-06-03 12:27:45,2023-06-03 12:28:45,21
2023-06-03 12:28:45,2023-06-03 12:28:46,2
2023-06-03 12:28:46,2023-06-03 12:29:34,82
2023-06-03 12:29:34,2023-06-03 12:30:00,45
2023-06-03 12:30:00,2023-06-03 12:30:33,56
2023-06-03 12:30:33,2023-06-03 12:31:02,20
2023-06-03 12:31:02,2023-06-03 12:31:36,53
2023-06-03 12:31:36,2023-06-03 12:32:02,47
2023-06-03 12:32:02,2023-06-03 12:32:18,29
2023-06-03 12:32:18,2023-06-03 12:33:03,13
2023-06-03 12:33:03,2023-06-03 12:33:49,49
2023-06-03 12:33:49,2023-06-03 12:34:37,11
2023-06-03 12:37:02,2023-06-03 12:38:22,40
2023-06-03 12:38:22,2023-06-03 12:38:25,7
2023-06-03 12:38:25,2023-06-03 12:39:35,86
2023-06-03 12:39:35,2023-06-03 12:39:53,36
2023-06-03 12:39:53,2023-06-03 12:40:06,20
2023-06-03 12:40:06,2023-06-03 12:40:35,46
2023-06-03 12:40:35,2023-06-03 12:40:54,25
2023-06-03 12:40:54,2023-06-03 12:41:07,22
2023-06-03 12:41:07,2023-06-03 12:41:34,23
2023-06-03 12:41:34,2023-06-03 12:41:54,23
2023-06-03 12:41:54,2023-06-03 12:42:07,22
2023-06-03 12:42:07,2023-06-03 12:42:45,72
2023-06-03 12:42:45,2023-06-03 12:42:59,29
2023-06-03 12:42:59,2023-06-03 12:43:50,80
2023-06-03 12:43:50,2023-06-03 12:44:02,18
2023-06-03 12:44:58,2023-06-03 12:46:06,34
2023-06-03 12:48:06,2023-06-03 12:49:06,7
2023-06-03 12:49:06,2023-06-03 12:49:12,12
2023-06-03 12:50:28,2023-06-03 12:51:46,39
2023-06-03 12:56:02,2023-06-03 12:57:10,34
2023-06-03 12:57:10,2023-06-03 12:57:39,41
2023-06-03 12:57:39,2023-06-03 12:57:46,12
2023-06-03 12:57:46,2023-06-03 12:58:43,51
2023-06-03 13:03:52,2023-06-03 13:04:52,17
2023-06-03 13:05:23,2023-06-03 13:07:27,62
2023-06-03 13:07:27,2023-06-03 13:07:46,32
2023-06-03 13:07:46,2023-06-03 13:08:21,42
2023-06-03 13:08:21,2023-06-03 13:08:55,12
2023-06-03 13:08:55,2023-06-03 13:09:32,42
2023-06-03 13:12:39,2023-06-03 13:15:05,73
2023-06-03 13:15:05,2023-06-03 13:16:08,91
2023-06-03 13:16:08,2023-06-03 13:16:39,47
2023-06-03 13:16:39,2023-06-03 13:16:52,20
2023-06-03 13:16:52,2023-06-03 13:20:11,119
2023-06-03 13:20:11,2023-06-03 13:21:11,122
2023-06-03 13:21:11,2023-06-03 13:22:12,75
2023-06-03 13:22:12,2023-06-03 13:22:42,44
2023-06-03 13:23:32,2023-06-03 13:24:32,7
2023-06-03 13:24:32,2023-06-03 13:24:33,2
2023-06-03 18:18:31,2023-06-03 18:19:31,29
2023-06-03 18:31:44,2023-06-03 18:32:44,29
2023-06-03 18:43:45,2023-06-03 18:44:45,29
2023-06-03 18:46:28,2023-06-03 18:47:28,12
2023-06-03 18:47:28,2023-06-03 18:47:59,13
2023-06-03 18:48:44,2023-06-03 18:50:06,41
2023-06-03 18:50:37,2023-06-03 18:51:37,17
2023-06-03 18:55:44,2023-06-03 18:56:44,18
2023-06-03 19:07:46,2023-06-03 19:08:46,24
2023-06-03 19:08:46,2023-06-03 19:09:15,28
2023-06-03 19:09:29,2023-06-03 19:11:19,55
2023-06-03 19:11:19,2023-06-03 19:12:36,80
2023-06-03 19:12:36,2023-06-03 19:13:07,30
2023-06-03 19:13:07,2023-06-03 19:13:43,30
2023-06-03 19:13:43,2023-06-03 19:14:44,87
2023-06-03 19:14:44,2023-06-03 19:14:54,15
2023-06-03 19:14:54,2023-06-03 19:15:38,23
2023-06-03 19:15:38,2023-06-03 19:16:25,52
2023-06-03 19:16:25,2023-06-03 19:16:56,53
2023-06-03 19:16:56,2023-06-03 19:17:25,52
2023-06-03 19:17:25,2023-06-03 19:17:56,58
2023-06-03 19:17:56,2023-06-03 19:18:25,50
2023-06-03 19:18:25,2023-06-03 19:18:33,11
2023-06-03 19:20:11,2023-06-03 19:21:11,28
2023-06-03 19:25:37,2023-06-03 19:26:37,25
2023-06-03 19:29:31,2023-06-03 19:30:31,24
2023-06-03 19:30:31,2023-06-03 19:31:00,49
2023-06-03 19:31:00,2023-06-03 19:31:32,27
2023-06-03 19:31:45,2023-06-03 19:33:07,41
2023-06-03 19:33:07,2023-06-03 19:33:41,34
2023-06-03 19:33:41,2023-06-03 19:34:00,28
2023-06-03 19:34:00,2023-06-03 19:34:41,31
2023-06-03 19:34:41,2023-06-03 19:35:40,95
2023-06-03 19:35:40,2023-06-03 19:35:52,19
2023-06-03 19:35:52,2023-06-03 19:36:40,53
2023-06-03 19:36:40,2023-06-03 19:36:41,2
2023-06-03 19:37:21,2023-06-03 19:38:21,8
2023-06-03 19:40:41,2023-06-03 19:41:41,15
2023-06-03 19:42:25,2023-06-03 19:43:25,8
2023-06-03 19:44:12,2023-06-03 19:45:12,24
2023-06-03 19:47:40,2023-06-03 19:48:40,12
2023-06-03 19:51:11,2023-06-03 19:52:11,15
2023-06-03 19:52:11,2023-06-03 19:52:12,2
2023-06-03 19:55:02,2023-06-03 19:56:52,55
2023-06-03 19:56:52,2023-06-03 19:57:46,82
2023-06-03 19:57:46,2023-06-03 19:59:01,103
2023-06-03 19:59:01,2023-06-03 20:00:01,83
2023-06-03 20:00:01,2023-06-03 20:00:27,33
2023-06-03 20:00:27,2023-06-03 20:00:41,17
2023-06-03 20:11:56,2023-06-03 20:12:56,8
2023-06-03 20:12:56,2023-06-03 20:12:57,2
2023-06-03 20:13:10,2023-06-03 20:14:10,13
2023-06-03 20:14:10,2023-06-03 20:14:36,7
2023-06-03 20:29:45,2023-06-03 20:30:45,9
2023-06-03 20:30:50,2023-06-03 20:32:30,50
2023-06-03 20:32:54,2023-06-03 20:33:54,12
2023-06-03 20:33:54,2023-06-03 20:34:17,26
2023-06-03 20:37:34,2023-06-03 20:38:34,8
2023-06-03 20:39:00,2023-06-03 20:40:00,24
2023-06-03 20:40:00,2023-06-03 20:40:01,4
2023-06-03 20:40:01,2023-06-03 20:41:03,82
2023-06-03 20:41:03,2023-06-03 20:41:10,16
2023-06-03 20:41:10,2023-06-03 20:42:23,59
2023-06-03 20:42:23,2023-06-03 20:42:29,12
2023-06-03 20:42:29,2023-06-03 20:44:04,52
2023-06-03 20:44:04,2023-06-03 20:44:10,8
2023-06-03 20:44:10,2023-06-03 20:45:07,24
2023-06-03 20:47:01,2023-06-03 20:48:01,14
2023-06-03 20:48:01,2023-06-03 20:48:35,12
2023-06-03 20:50:08,2023-06-03 20:51:08,15
2023-06-03 20:52:27,2023-06-03 20:53:27,7
2023-06-03 20:57:06,2023-06-03 20:58:06,11
2023-06-03 20:58:06,2023-06-03 20:58:44,63
2023-06-03 20:58:44,2023-06-03 20:58:57,9
2023-06-03 21:00:17,2023-06-03 21:01:17,8
2023-06-03 21:04:13,2023-06-03 21:05:13,7
2023-06-03 21:06:47,2023-06-03 21:07:47,7
2023-06-03 22:49:13,2023-06-03 22:50:13,14
2023-06-03 22:50:43,2023-06-03 22:51:43,7
2023-06-03 22:53:16,2023-06-03 22:54:16,11
2023-06-03 23:58:10,2023-06-04 00:00:00,55
2023-06-04 08:34:04,2023-06-04 08:35:04,29
2023-06-04 08:35:04,2023-06-04 08:35:57,9
2023-06-04 08:39:27,2023-06-04 08:40:37,35
2023-06-04 08:55:36,2023-06-04 08:56:54,39
2023-06-04 08:56:54,2023-06-04 08:56:58,6
2023-06-04 08:59:48,2023-06-04 09:00:48,13
2023-06-04 09:00:48,2023-06-04 09:01:00,21
2023-06-04 09:02:27,2023-06-04 09:03:27,14
2023-06-04 09:03:27,2023-06-04 09:04:24,64
2023-06-04 09:04:24,2023-06-04 09:04:58,60
2023-06-04 09:04:58,2023-06-04 09:05:33,65
2023-06-04 09:05:33,2023-06-04 09:06:33,115
2023-06-04 09:06:33,2023-06-04 09:06:44,9
2023-06-04 09:06:44,2023-06-04 09:07:19,54
2023-06-04 09:07:19,2023-06-04 09:07:51,60
2023-06-04 09:07:51,2023-06-04 09:08:20,51
2023-06-04 09:08:20,2023-06-04 09:09:05,84
2023-06-04 09:09:05,2023-06-04 09:09:31,12
2023-06-04 09:09:31,2023-06-04 09:10:13,22
2023-06-04 09:12:25,2023-06-04 09:13:25,8
2023-06-04 09:23:14,2023-06-04 09:25:40,73
2023-06-04 09:25:40,2023-06-04 09:26:31,96
2023-06-04 09:26:31,2023-06-04 09:27:02,58
2023-06-04 09:27:02,2023-06-04 09:27:41,69
2023-06-04 09:27:41,2023-06-04 09:28:02,20
2023-06-04 09:28:02,2023-06-04 09:28:54,93
2023-06-04 09:28:54,2023-06-04 09:29:02,14
2023-06-04 09:29:02,2023-06-04 09:29:54,95
2023-06-04 09:29:54,2023-06-04 09:30:02,14
2023-06-04 09:30:02,2023-06-04 09:30:55,60
2023-06-04 09:30:55,2023-06-04 09:31:03,11
2023-06-04 09:31:03,2023-06-04 09:31:53,72
2023-06-04 09:31:53,2023-06-04 09:32:03,8
2023-06-04 09:32:03,2023-06-04 09:33:01,106
2023-06-04 09:33:01,2023-06-04 09:33:03,4
2023-06-04 09:33:03,2023-06-04 09:34:01,111
2023-06-04 09:34:01,2023-06-04 09:34:04,4
2023-06-04 09:34:04,2023-06-04 09:35:02,110
2023-06-04 09:35:02,2023-06-04 09:35:04,4
2023-06-04 09:35:04,2023-06-04 09:36:02,113
2023-06-04 09:36:02,2023-06-04 09:36:23,37
2023-06-04 09:36:23,2023-06-04 09:36:55,56
2023-06-04 09:41:45,2023-06-04 09:42:45,7
2023-06-04 09:42:45,2023-06-04 09:43:43,11
2023-06-04 10:32:12,2023-06-04 10:33:12,20
2023-06-04 10:33:12,2023-06-04 10:33:29,9
2023-06-04 10:33:55,2023-06-04 10:34:55,10
2023-06-04 11:17:29,2023-06-04 11:18:29,15
2023-06-04 11:18:29,2023-06-04 11:18:31,2
2023-06-04 11:18:31,2023-06-04 11:19:22,69
2023-06-04 11:19:25,2023-06-04 11:20:25,7
2023-06-04 11:21:54,2023-06-04 11:23:46,56
2023-06-04 11:23:46,2023-06-04 11:24:07,29
2023-06-04 11:24:07,2023-06-04 11:24:54,79
2023-06-04 11:24:54,2023-06-04 11:26:28,168
2023-06-04 11:26:56,2023-06-04 11:28:08,36
2023-06-04 11:28:08,2023-06-04 11:28:17,15
2023-06-04 11:28:17,2023-06-04 11:29:32,70
2023-06-04 11:29:32,2023-06-04 11:30:22,85
2023-06-04 11:30:22,2023-06-04 11:30:47,43
2023-06-04 11:30:47,2023-06-04 11:31:29,76
2023-06-04 11:31:29,2023-06-04 11:31:55,48
2023-06-04 11:31:55,2023-06-04 11:33:26,165
2023-06-04 11:33:26,2023-06-04 11:34:30,72
2023-06-04 11:34:30,2023-06-04 11:34:49,38
2023-06-04 11:34:49,2023-06-04 11:35:29,73
2023-06-04 11:35:29,2023-06-04 11:35:37,15
2023-06-04 11:35:37,2023-06-04 11:36:15,43
2023-06-04 11:36:15,2023-06-04 11:37:07,13
2023-06-04 11:37:07,2023-06-04 11:37:09,4
2023-06-04 11:37:09,2023-06-04 11:38:06,40
2023-06-04 11:38:06,2023-06-04 11:38:21,24
2023-06-04 11:47:54,2023-06-04 11:48:54,9
2023-06-04 11:55:50,2023-06-04 11:56:50,8
2023-06-04 12:00:12,2023-06-04 12:01:12,10
2023-06-04 12:01:49,2023-06-04 12:03:05,38
2023-06-04 12:03:22,2023-06-04 12:04:22,18
2023-06-04 12:07:42,2023-06-04 12:09:48,63
2023-06-04 12:17:59,2023-06-04 12:20:19,70
2023-06-04 12:20:19,2023-06-04 12:22:06,109
2023-06-04 12:22:06,2023-06-04 12:23:07,104
2023-06-04 12:23:07,2023-06-04 12:23:23,28
2023-06-04 12:23:23,2023-06-04 12:24:15,91
2023-06-04 12:24:15,2023-06-04 12:24:30,26
2023-06-04 12:24:30,2023-06-04 12:25:29,98
2023-06-04 12:25:29,2023-06-04 12:25:43,17
2023-06-04 12:25:43,2023-06-04 12:26:30,74
2023-06-04 12:26:30,2023-06-04 12:26:35,6
2023-06-04 12:36:53,2023-06-04 12:37:53,10
2023-06-04 14:19:22,2023-06-04 14:20:22,18
2023-06-04 17:32:14,2023-06-04 17:33:14,7
2023-06-04 17:46:22,2023-06-04 17:47:22,7
2023-06-04 18:11:19,2023-06-04 18:12:19,8
2023-06-04 18:21:05,2023-06-04 18:22:05,10
2023-06-04 18:30:31,2023-06-04 18:31:31,15
2023-06-04 18:59:29,2023-06-04 19:00:29,10
2023-06-04 19:02:12,2023-06-04 19:05:10,89
2023-06-04 19:05:10,2023-06-04 19:06:19,93
2023-06-04 19:06:19,2023-06-04 19:07:20,90
2023-06-04 19:07:20,2023-06-04 19:07:26,9
2023-06-04 19:07:26,2023-06-04 19:08:30,112
2023-06-04 19:08:30,2023-06-04 19:08:37,14
2023-06-04 19:08:37,2023-06-04 19:09:37,106
2023-06-04 19:09:37,2023-06-04 19:09:49,20
2023-06-04 19:09:49,2023-06-04 19:10:58,86
2023-06-04 19:10:58,2023-06-04 19:12:21,69
2023-06-04 19:12:21,2023-06-04 19:12:36,26
2023-06-04 19:12:36,2023-06-04 19:13:57,146
2023-06-04 19:13:57,2023-06-04 19:15:22,46
2023-06-04 19:15:22,2023-06-04 19:15:25,13
2023-06-04 19:15:25,2023-06-04 19:16:07,8
2023-06-04 19:17:59,2023-06-04 19:18:59,27
2023-06-04 19:19:13,2023-06-04 19:20:13,18
2023-06-04 19:27:24,2023-06-04 19:28:24,13
2023-06-04 19:28:24,2023-06-04 19:28:25,2
2023-06-04 19:28:25,2023-06-04 19:29:12,42
2023-06-04 19:29:24,2023-06-04 19:29:48,41
2023-06-04 19:29:48,2023-06-04 19:30:03,27
2023-06-04 19:30:03,2023-06-04 19:31:10,132
2023-06-04 19:31:10,2023-06-04 19:31:32,43
2023-06-04 19:31:32,2023-06-04 19:32:30,115
2023-06-04 19:32:30,2023-06-04 19:34:01,174
2023-06-04 19:34:01,2023-06-04 19:34:18,28
2023-06-04 19:34:18,2023-06-04 19:34:47,52
2023-06-04 19:34:47,2023-06-04 19:35:16,35
2023-06-04 19:35:16,2023-06-04 19:35:21,6
2023-06-04 19:35:21,2023-06-04 19:36:06,18
2023-06-04 19:47:30,2023-06-04 19:48:30,10
2023-06-04 19:49:50,2023-06-04 19:50:56,33
2023-06-04 19:51:12,2023-06-04 19:52:12,20
2023-06-04 19:56:34,2023-06-04 19:57:44,35
2023-06-04 19:57:44,2023-06-04 19:57:56,11
2023-06-04 19:58:14,2023-06-04 19:59:14,10
2023-06-04 20:02:37,2023-06-04 20:03:37,11
2023-06-04 20:06:51,2023-06-04 20:07:51,11
2023-06-04 20:09:57,2023-06-04 20:10:57,29
2023-06-04 20:13:19,2023-06-04 20:14:19,19
2023-06-04 20:14:19,2023-06-04 20:15:05,14
2023-06-04 20:16:10,2023-06-04 20:17:10,12
2023-06-04 20:17:10,2023-06-04 20:17:16,6
2023-06-04 20:35:42,2023-06-04 20:36:42,8
2023-06-04 20:53:42,2023-06-04 20:54:42,16
2023-06-04 21:03:13,2023-06-04 21:04:13,10
2023-06-04 21:07:34,2023-06-04 21:08:34,6
2023-06-04 21:16:52,2023-06-04 21:17:52,19
2023-06-04 21:17:57,2023-06-04 21:18:57,6
2023-06-04 21:24:11,2023-06-04 21:25:11,8
2023-06-04 21:25:11,2023-06-04 21:26:10,8
2023-06-04 21:29:15,2023-06-04 21:30:15,15
2023-06-04 21:30:15,2023-06-04 21:30:16,1
2023-06-05 00:14:21,2023-06-05 00:17:11,85
2023-06-05 00:17:11,2023-06-05 00:17:18,7
2023-06-05 00:17:18,2023-06-05 00:18:16,25
2023-06-05 00:40:51,2023-06-05 00:41:51,7
2023-06-05 00:50:40,2023-06-05 00:51:40,6
2023-06-05 06:42:04,2023-06-05 06:43:04,7
2023-06-05 06:46:24,2023-06-05 06:47:24,17
2023-06-05 06:52:04,2023-06-05 06:53:04,13
2023-06-05 07:11:17,2023-06-05 07:13:09,56
2023-06-05 07:21:31,2023-06-05 07:22:31,7
2023-06-05 07:48:18,2023-06-05 07:49:22,32
2023-06-05 07:49:22,2023-06-05 07:49:24,4
2023-06-05 08:03:40,2023-06-05 08:04:40,18
2023-06-05 08:27:22,2023-06-05 08:28:22,12
2023-06-05 08:28:22,2023-06-05 08:29:03,28
2023-06-05 08:29:03,2023-06-05 08:29:19,25
2023-06-05 08:29:19,2023-06-05 08:30:08,76
2023-06-05 08:30:08,2023-06-05 08:30:28,33
2023-06-05 08:30:28,2023-06-05 08:31:13,74
2023-06-05 08:31:13,2023-06-05 08:31:34,32
2023-06-05 08:31:34,2023-06-05 08:32:13,72
2023-06-05 08:32:13,2023-06-05 08:32:34,36
2023-06-05 08:32:34,2023-06-05 08:33:14,69
2023-06-05 08:33:14,2023-06-05 08:33:35,37
2023-06-05 08:33:35,2023-06-05 08:34:14,72
2023-06-05 08:34:14,2023-06-05 08:34:35,37
2023-06-05 08:34:35,2023-06-05 08:35:15,72
2023-06-05 08:35:15,2023-06-05 08:35:35,38
2023-06-05 08:35:35,2023-06-05 08:36:15,57
2023-06-05 08:36:15,2023-06-05 08:36:18,3
2023-06-05 08:36:18,2023-06-05 08:37:16,65
2023-06-05 08:37:16,2023-06-05 08:37:44,49
2023-06-05 08:37:44,2023-06-05 08:38:32,78
2023-06-05 08:38:32,2023-06-05 08:38:59,47
2023-06-05 08:38:59,2023-06-05 08:39:32,55
2023-06-05 08:39:32,2023-06-05 08:39:59,33
2023-06-05 08:39:59,2023-06-05 08:40:31,50
2023-06-05 08:40:31,2023-06-05 08:40:49,19
2023-06-05 08:40:49,2023-06-05 08:41:37,46
2023-06-05 08:41:37,2023-06-05 08:42:11,55
2023-06-05 08:42:11,2023-06-05 08:42:38,43
2023-06-05 08:42:38,2023-06-05 08:43:11,41
2023-06-05 08:43:11,2023-06-05 08:43:14,4
2023-06-05 08:43:33,2023-06-05 08:46:59,103
2023-06-05 08:46:59,2023-06-05 08:47:12,21
2023-06-05 08:48:13,2023-06-05 08:49:37,42
2023-06-05 08:49:37,2023-06-05 08:50:37,106
2023-06-05 08:50:37,2023-06-05 08:51:37,105
2023-06-05 08:51:37,2023-06-05 08:52:16,62
2023-06-05 08:54:00,2023-06-05 08:55:08,34
2023-06-05 08:55:08,2023-06-05 08:55:09,5
2023-06-05 08:59:23,2023-06-05 09:01:53,75
2023-06-05 09:01:53,2023-06-05 09:02:42,74
2023-06-05 09:04:08,2023-06-05 09:05:08,8
2023-06-05 09:06:07,2023-06-05 09:07:43,48
2023-06-05 09:07:43,2023-06-05 09:08:58,110
2023-06-05 09:08:58,2023-06-05 09:09:59,113
2023-06-05 09:09:59,2023-06-05 09:11:00,115
2023-06-05 09:11:00,2023-06-05 09:11:32,49
2023-06-05 09:13:41,2023-06-05 09:14:41,15
2023-06-05 09:14:46,2023-06-05 09:15:46,15
2023-06-05 10:06:31,2023-06-05 10:07:31,15
2023-06-05 10:07:31,2023-06-05 10:07:34,5
2023-06-05 10:09:30,2023-06-05 10:10:30,19
2023-06-05 10:12:43,2023-06-05 10:13:43,11
2023-06-05 10:15:05,2023-06-05 10:16:31,43
2023-06-05 10:16:31,2023-06-05 10:18:05,49
2023-06-05 10:18:05,2023-06-05 10:19:05,24
2023-06-05 10:21:29,2023-06-05 10:22:29,15
2023-06-05 10:23:05,2023-06-05 10:24:05,27
2023-06-05 10:24:05,2023-06-05 10:24:07,4
2023-06-05 10:24:07,2023-06-05 10:25:04,15
2023-06-05 10:25:04,2023-06-05 10:26:40,88
2023-06-05 10:26:40,2023-06-05 10:27:41,87
2023-06-05 10:27:41,2023-06-05 10:28:43,109
2023-06-05 10:28:43,2023-06-05 10:28:47,8
2023-06-05 10:28:47,2023-06-05 10:29:47,108
2023-06-05 10:29:47,2023-06-05 10:30:05,31
2023-06-05 10:30:05,2023-06-05 10:31:02,81
2023-06-05 10:31:16,2023-06-05 10:32:16,29
2023-06-05 10:32:16,2023-06-05 10:32:38,37
2023-06-05 10:32:38,2023-06-05 10:33:12,34
2023-06-05 10:33:36,2023-06-05 10:35:02,43
2023-06-05 10:35:02,2023-06-05 10:35:22,33
2023-06-05 10:35:22,2023-06-05 10:36:12,25
2023-06-05 10:36:12,2023-06-05 10:36:46,62
2023-06-05 10:40:32,2023-06-05 10:41:36,32
2023-06-05 10:43:26,2023-06-05 10:44:26,24
2023-06-05 10:45:49,2023-06-05 10:46:49,14
2023-06-05 10:46:49,2023-06-05 10:47:14,38
2023-06-05 10:52:23,2023-06-05 10:53:23,17
2023-06-05 10:53:23,2023-06-05 10:53:48,40
2023-06-05 10:53:48,2023-06-05 10:55:47,100
2023-06-05 10:55:47,2023-06-05 10:56:04,29
2023-06-05 10:56:04,2023-06-05 10:57:01,102
2023-06-05 10:57:01,2023-06-05 10:57:33,59
2023-06-05 10:57:33,2023-06-05 10:58:33,113
2023-06-05 10:58:33,2023-06-05 10:58:55,40
2023-06-05 10:58:55,2023-06-05 10:59:51,15
2023-06-05 10:59:59,2023-06-05 11:00:59,25
2023-06-05 11:00:59,2023-06-05 11:01:34,7
2023-06-05 11:02:57,2023-06-05 11:05:53,88
2023-06-05 11:05:53,2023-06-05 11:05:54,2
2023-06-05 11:05:54,2023-06-05 11:06:40,85
2023-06-05 11:06:40,2023-06-05 11:07:07,9
2023-06-05 11:09:01,2023-06-05 11:10:01,18
2023-06-05 11:27:13,2023-06-05 11:28:13,26
2023-06-05 11:28:40,2023-06-05 11:29:40,17
2023-06-05 11:50:18,2023-06-05 11:51:18,25
2023-06-05 11:51:18,2023-06-05 11:51:52,38
2023-06-05 11:51:52,2023-06-05 11:52:18,14
2023-06-05 11:52:18,2023-06-05 11:53:16,53
2023-06-05 11:53:16,2023-06-05 11:53:20,8
2023-06-05 11:53:20,2023-06-05 11:54:13,86
2023-06-05 11:54:13,2023-06-05 11:54:22,7
2023-06-05 11:54:22,2023-06-05 11:55:19,17
2023-06-05 11:55:19,2023-06-05 11:56:06,77
2023-06-05 11:56:37,2023-06-05 11:57:37,11
2023-06-05 11:57:37,2023-06-05 11:58:27,6
2023-06-05 12:00:34,2023-06-05 12:01:34,10
2023-06-05 12:11:21,2023-06-05 12:12:21,6
2023-06-05 12:29:45,2023-06-05 12:33:03,99
2023-06-05 12:33:03,2023-06-05 12:34:06,95
2023-06-05 12:34:06,2023-06-05 12:35:27,44
2023-06-05 12:35:27,2023-06-05 12:36:05,26
2023-06-05 12:36:05,2023-06-05 12:37:03,103
2023-06-05 12:37:03,2023-06-05 12:37:44,67
2023-06-05 12:37:44,2023-06-05 12:38:12,48
2023-06-05 12:38:12,2023-06-05 12:38:48,49
2023-06-05 12:38:48,2023-06-05 12:39:12,26
2023-06-05 12:39:12,2023-06-05 12:39:49,68
2023-06-05 12:39:49,2023-06-05 12:39:55,9
2023-06-05 12:46:07,2023-06-05 12:47:07,15
2023-06-05 12:47:07,2023-06-05 12:48:06,91
2023-06-05 12:48:06,2023-06-05 12:48:07,2
2023-06-05 12:48:07,2023-06-05 12:49:08,104
2023-06-05 12:49:08,2023-06-05 12:49:17,17
2023-06-05 12:49:17,2023-06-05 12:50:26,124
2023-06-05 12:50:26,2023-06-05 12:50:41,27
2023-06-05 12:50:41,2023-06-05 12:51:38,94
2023-06-05 12:51:38,2023-06-05 12:51:55,23
2023-06-05 12:51:55,2023-06-05 12:52:44,72
2023-06-05 13:22:21,2023-06-05 13:23:59,49
2023-06-05 13:23:59,2023-06-05 13:24:41,15
2023-06-05 13:24:41,2023-06-05 13:25:42,99
2023-06-05 13:25:42,2023-06-05 13:25:49,13
2023-06-05 13:25:49,2023-06-05 13:26:49,105
2023-06-05 13:26:49,2023-06-05 13:27:10,39
2023-06-05 13:27:10,2023-06-05 13:28:11,100
2023-06-05 13:28:11,2023-06-05 13:28:28,33
2023-06-05 13:28:28,2023-06-05 13:29:28,71
2023-06-05 13:29:28,2023-06-05 13:29:47,15
2023-06-05 13:29:47,2023-06-05 13:30:37,50
2023-06-05 13:39:40,2023-06-05 13:40:40,13
2023-06-05 13:40:40,2023-06-05 13:41:54,76
2023-06-05 13:41:54,2023-06-05 13:43:19,70
2023-06-05 13:43:19,2023-06-05 13:43:20,4
2023-06-05 13:43:20,2023-06-05 13:44:34,112
2023-06-05 13:44:34,2023-06-05 13:45:49,140
2023-06-05 13:45:49,2023-06-05 13:46:07,34
2023-06-05 13:46:07,2023-06-05 13:47:16,124
2023-06-05 13:47:16,2023-06-05 13:48:28,101
2023-06-05 13:48:28,2023-06-05 13:48:46,30
2023-06-05 13:48:46,2023-06-05 13:49:51,101
2023-06-05 13:49:58,2023-06-05 13:51:08,35
2023-06-05 13:51:08,2023-06-05 13:51:33,28
2023-06-05 13:51:33,2023-06-05 13:52:40,106
2023-06-05 13:52:40,2023-06-05 13:52:57,32
2023-06-05 13:52:57,2023-06-05 13:53:26,23
2023-06-05 15:13:25,2023-06-05 15:16:51,103
2023-06-05 15:16:51,2023-06-05 15:17:37,81
2023-06-05 15:17:37,2023-06-05 15:18:10,59
2023-06-05 15:18:10,2023-06-05 15:18:46,65
2023-06-05 15:18:46,2023-06-05 15:19:23,65
2023-06-05 15:19:23,2023-06-05 15:20:02,72
2023-06-05 15:20:02,2023-06-05 15:20:26,45
2023-06-05 15:20:26,2023-06-05 15:21:19,94
2023-06-05 15:21:19,2023-06-05 15:21:50,27
2023-06-05 15:21:50,2023-06-05 15:22:38,39
2023-06-05 15:22:38,2023-06-05 15:23:00,37
2023-06-05 15:23:00,2023-06-05 15:23:26,7
2023-06-05 15:23:26,2023-06-05 15:24:27,39
2023-06-05 15:24:27,2023-06-05 15:25:11,83
2023-06-05 15:25:11,2023-06-05 15:25:37,47
2023-06-05 15:25:37,2023-06-05 15:26:34,98
2023-06-05 15:26:34,2023-06-05 15:26:59,41
2023-06-05 15:26:59,2023-06-05 15:27:33,54
2023-06-05 15:27:33,2023-06-05 15:29:44,68
2023-06-05 15:29:44,2023-06-05 15:30:27,71
2023-06-05 15:30:27,2023-06-05 15:30:49,20
2023-06-05 15:39:30,2023-06-05 15:44:38,154
2023-06-05 15:44:38,2023-06-05 15:44:45,14
2023-06-05 15:44:45,2023-06-05 15:45:32,91
2023-06-05 15:45:32,2023-06-05 15:46:22,92
2023-06-05 15:46:22,2023-06-05 15:46:39,31
2023-06-05 15:46:39,2023-06-05 15:47:19,56
2023-06-05 15:47:19,2023-06-05 15:47:35,10
2023-06-05 15:47:35,2023-06-05 15:48:05,42
2023-06-05 15:48:05,2023-06-05 15:49:06,112
2023-06-05 15:49:06,2023-06-05 15:49:20,25
2023-06-05 15:49:20,2023-06-05 15:49:44,42
2023-06-05 15:49:44,2023-06-05 15:49:52,11
2023-06-05 15:49:52,2023-06-05 15:50:24,46
2023-06-05 15:50:24,2023-06-05 15:50:26,2
2023-06-05 15:52:00,2023-06-05 15:53:00,7
2023-06-05 15:53:35,2023-06-05 15:54:35,29
2023-06-05 15:54:35,2023-06-05 15:55:38,83
2023-06-05 15:55:38,2023-06-05 15:55:58,18
2023-06-05 15:55:58,2023-06-05 15:57:23,113
2023-06-05 15:57:23,2023-06-05 15:57:44,31
2023-06-05 15:57:44,2023-06-05 16:00:02,174
2023-06-05 16:00:02,2023-06-05 16:00:14,18
2023-06-05 16:04:05,2023-06-05 16:05:05,22
2023-06-05 16:05:05,2023-06-05 16:05:45,39
2023-06-05 16:05:45,2023-06-05 16:06:59,51
2023-06-05 16:06:59,2023-06-05 16:07:25,38
2023-06-05 16:07:25,2023-06-05 16:08:29,69
2023-06-05 16:08:29,2023-06-05 16:08:53,35
2023-06-05 16:10:13,2023-06-05 16:11:13,26
2023-06-05 16:14:20,2023-06-05 16:18:02,111
2023-06-05 16:18:02,2023-06-05 16:18:13,18
2023-06-05 16:18:13,2023-06-05 16:19:13,90
2023-06-05 16:19:13,2023-06-05 16:19:38,34
2023-06-05 16:19:38,2023-06-05 16:20:28,77
2023-06-05 16:20:28,2023-06-05 16:20:52,31
2023-06-05 16:20:52,2023-06-05 16:21:02,15
2023-06-05 16:21:02,2023-06-05 16:21:29,44
2023-06-05 16:21:29,2023-06-05 16:22:10,25
2023-06-05 16:22:10,2023-06-05 16:23:14,35
2023-06-05 16:23:14,2023-06-05 16:23:35,24
2023-06-05 17:01:33,2023-06-05 17:03:31,59
2023-06-05 17:03:31,2023-06-05 17:04:15,24
2023-06-05 17:06:31,2023-06-05 17:07:31,12
2023-06-05 19:03:39,2023-06-05 19:05:07,44
2023-06-05 19:05:07,2023-06-05 19:07:20,79
2023-06-05 19:07:20,2023-06-05 19:07:24,7
2023-06-05 19:07:24,2023-06-05 19:08:56,145
2023-06-05 19:08:56,2023-06-05 19:09:17,37
2023-06-05 19:09:17,2023-06-05 19:09:46,50
2023-06-05 19:09:46,2023-06-05 19:10:46,92
2023-06-05 19:10:46,2023-06-05 19:10:59,23
2023-06-05 19:10:59,2023-06-05 19:11:17,32
2023-06-05 19:11:17,2023-06-05 19:12:01,31
2023-06-05 19:12:01,2023-06-05 19:12:45,29
2023-06-05 19:26:23,2023-06-05 19:27:33,35
2023-06-05 19:27:33,2023-06-05 19:28:19,37
2023-06-05 19:28:19,2023-06-05 19:29:05,73
2023-06-05 19:29:05,2023-06-05 19:29:54,73
2023-06-05 19:29:54,2023-06-05 19:30:39,80
2023-06-05 19:30:39,2023-06-05 19:31:13,60
2023-06-05 19:31:13,2023-06-05 19:31:55,72
2023-06-05 19:31:55,2023-06-05 19:32:16,36
2023-06-05 19:32:16,2023-06-05 19:32:55,59
2023-06-05 19:32:55,2023-06-05 19:33:14,29
2023-06-05 19:36:32,2023-06-05 19:37:34,31
2023-06-05 20:00:43,2023-06-05 20:01:43,8
2023-06-05 20:03:17,2023-06-05 20:04:41,42
2023-06-05 20:05:13,2023-06-05 20:06:13,8
2023-06-05 20:06:29,2023-06-05 20:07:29,6
2023-06-05 20:15:20,2023-06-05 20:16:20,30
2023-06-05 20:16:20,2023-06-05 20:16:33,9
2023-06-05 20:22:24,2023-06-05 20:23:24,7
2023-06-05 20:24:28,2023-06-05 20:25:28,9
2023-06-05 20:29:41,2023-06-05 20:30:41,13
2023-06-05 22:01:59,2023-06-05 22:02:59,6
2023-06-05 22:42:51,2023-06-05 22:44:19,44
2023-06-06 00:08:51,2023-06-06 00:10:31,50
2023-06-06 00:11:08,2023-06-06 00:12:08,11
2023-06-06 00:24:16,2023-06-06 00:25:44,44
2023-06-06 08:29:13,2023-06-06 08:30:13,13
2023-06-06 08:31:03,2023-06-06 08:32:25,41
2023-06-06 08:32:25,2023-06-06 08:32:55,57
2023-06-06 08:32:55,2023-06-06 08:33:36,71
2023-06-06 08:33:36,2023-06-06 08:34:14,68
2023-06-06 08:34:14,2023-06-06 08:34:47,58
2023-06-06 08:34:47,2023-06-06 08:35:17,56
2023-06-06 08:35:17,2023-06-06 08:35:52,63
2023-06-06 08:35:52,2023-06-06 08:36:42,87
2023-06-06 08:36:42,2023-06-06 08:37:13,54
2023-06-06 08:37:13,2023-06-06 08:37:44,59
2023-06-06 08:37:44,2023-06-06 08:38:16,58
2023-06-06 08:38:16,2023-06-06 08:38:44,48
2023-06-06 08:38:44,2023-06-06 08:39:41,20
2023-06-06 08:39:41,2023-06-06 08:40:42,111
2023-06-06 08:40:42,2023-06-06 08:40:50,15
2023-06-06 08:40:50,2023-06-06 08:41:51,110
2023-06-06 08:41:51,2023-06-06 08:41:59,14
2023-06-06 08:41:59,2023-06-06 08:42:54,101
2023-06-06 08:42:54,2023-06-06 08:43:07,20
2023-06-06 08:43:07,2023-06-06 08:44:13,58
2023-06-06 08:44:13,2023-06-06 08:44:35,26
2023-06-06 08:46:21,2023-06-06 08:47:21,10
2023-06-06 08:47:21,2023-06-06 08:48:11,89
2023-06-06 08:48:11,2023-06-06 08:48:23,25
2023-06-06 08:48:23,2023-06-06 08:48:58,45
2023-06-06 09:18:24,2023-06-06 09:22:16,116
2023-06-06 09:22:16,2023-06-06 09:22:21,9
2023-06-06 09:22:21,2023-06-06 09:23:16,104
2023-06-06 09:23:16,2023-06-06 09:24:14,108
2023-06-06 09:24:14,2023-06-06 09:24:20,11
2023-06-06 09:24:20,2023-06-06 09:25:12,75
2023-06-06 09:25:12,2023-06-06 09:25:24,14
2023-06-06 09:27:24,2023-06-06 09:28:24,14
2023-06-06 09:28:24,2023-06-06 09:29:14,58
2023-06-06 09:37:35,2023-06-06 09:38:49,37
2023-06-06 09:45:14,2023-06-06 09:46:14,6
2023-06-06 09:46:14,2023-06-06 09:46:52,6
2023-06-06 09:46:52,2023-06-06 09:47:52,17
2023-06-06 09:47:52,2023-06-06 09:48:08,26
2023-06-06 09:48:08,2023-06-06 09:48:24,14
2023-06-06 09:48:24,2023-06-06 09:49:43,65
2023-06-06 09:49:43,2023-06-06 09:50:40,89
2023-06-06 09:50:40,2023-06-06 09:51:13,61
2023-06-06 09:51:13,2023-06-06 09:51:52,75
2023-06-06 09:51:52,2023-06-06 09:52:37,85
2023-06-06 09:52:37,2023-06-06 09:53:37,98
2023-06-06 09:53:37,2023-06-06 09:53:48,15
2023-06-06 09:53:48,2023-06-06 09:54:16,40
2023-06-06 09:54:16,2023-06-06 09:56:20,77
2023-06-06 09:56:26,2023-06-06 09:57:26,12
